1,NSNT,Delta,Pre,0.045492
1,NSNT,Delta,Tele,0.057949
1,NSNT,Delta,Post,0.035293
1,NSNT,Theta,Pre,0.51361
1,NSNT,Theta,Tele,0.51294
1,NSNT,Theta,Post,0.53281
1,NSNT,Alpha,Pre,0.38391
1,NSNT,Alpha,Tele,0.47335
1,NSNT,Alpha,Post,0.40325
1,NSNT,Beta,Pre,0.31506
1,NSNT,Beta,Tele,0.35874
1,NSNT,Beta,Post,0.31854
1,NSNT,Gamma,Pre,0.12426
1,NSNT,Gamma,Tele,0.14936
1,NSNT,Gamma,Post,0.13815
1,NSFT,Delta,Pre,0.037941
1,NSFT,Delta,Tele,0.025834
1,NSFT,Delta,Post,0.031837
1,NSFT,Theta,Pre,0.55534
1,NSFT,Theta,Tele,0.52787
1,NSFT,Theta,Post,0.41752
1,NSFT,Alpha,Pre,0.36564
1,NSFT,Alpha,Tele,0.44533
1,NSFT,Alpha,Post,0.44276
1,NSFT,Beta,Pre,0.3863
1,NSFT,Beta,Tele,0.30726
1,NSFT,Beta,Post,0.30773
1,NSFT,Gamma,Pre,0.15757
1,NSFT,Gamma,Tele,0.14399
1,NSFT,Gamma,Post,0.13503
1,FSNT,Delta,Pre,0.026505
1,FSNT,Delta,Tele,0.034694
1,FSNT,Delta,Post,0.056737
1,FSNT,Theta,Pre,0.52279
1,FSNT,Theta,Tele,0.47122
1,FSNT,Theta,Post,0.45881
1,FSNT,Alpha,Pre,0.42513
1,FSNT,Alpha,Tele,0.414
1,FSNT,Alpha,Post,0.45519
1,FSNT,Beta,Pre,0.2899
1,FSNT,Beta,Tele,0.3108
1,FSNT,Beta,Post,0.31794
1,FSNT,Gamma,Pre,0.11519
1,FSNT,Gamma,Tele,0.14655
1,FSNT,Gamma,Post,0.15767
1,FSFT,Delta,Pre,0.062554
1,FSFT,Delta,Tele,0.032778
1,FSFT,Delta,Post,0.060647
1,FSFT,Theta,Pre,0.58915
1,FSFT,Theta,Tele,0.47674
1,FSFT,Theta,Post,0.60245
1,FSFT,Alpha,Pre,0.52376
1,FSFT,Alpha,Tele,0.45131
1,FSFT,Alpha,Post,0.55691
1,FSFT,Beta,Pre,0.34157
1,FSFT,Beta,Tele,0.33031
1,FSFT,Beta,Post,0.37531
1,FSFT,Gamma,Pre,0.14654
1,FSFT,Gamma,Tele,0.13925
1,FSFT,Gamma,Post,0.16555
2,NSNT,Delta,Pre,0.034356
2,NSNT,Delta,Tele,0.072164
2,NSNT,Delta,Post,0.058953
2,NSNT,Theta,Pre,0.5083
2,NSNT,Theta,Tele,0.48661
2,NSNT,Theta,Post,0.48933
2,NSNT,Alpha,Pre,0.50836
2,NSNT,Alpha,Tele,0.48979
2,NSNT,Alpha,Post,0.43817
2,NSNT,Beta,Pre,0.35808
2,NSNT,Beta,Tele,0.39162
2,NSNT,Beta,Post,0.33339
2,NSNT,Gamma,Pre,0.13867
2,NSNT,Gamma,Tele,0.152
2,NSNT,Gamma,Post,0.13009
2,NSFT,Delta,Pre,0.053259
2,NSFT,Delta,Tele,0.026946
2,NSFT,Delta,Post,0.036874
2,NSFT,Theta,Pre,0.49772
2,NSFT,Theta,Tele,0.50239
2,NSFT,Theta,Post,0.42661
2,NSFT,Alpha,Pre,0.37484
2,NSFT,Alpha,Tele,0.45028
2,NSFT,Alpha,Post,0.46934
2,NSFT,Beta,Pre,0.36953
2,NSFT,Beta,Tele,0.32554
2,NSFT,Beta,Post,0.28721
2,NSFT,Gamma,Pre,0.17148
2,NSFT,Gamma,Tele,0.14209
2,NSFT,Gamma,Post,0.14809
2,FSNT,Delta,Pre,0.035532
2,FSNT,Delta,Tele,0.040582
2,FSNT,Delta,Post,0.039748
2,FSNT,Theta,Pre,0.46986
2,FSNT,Theta,Tele,0.43809
2,FSNT,Theta,Post,0.4195
2,FSNT,Alpha,Pre,0.37474
2,FSNT,Alpha,Tele,0.45656
2,FSNT,Alpha,Post,0.45388
2,FSNT,Beta,Pre,0.32565
2,FSNT,Beta,Tele,0.32579
2,FSNT,Beta,Post,0.38878
2,FSNT,Gamma,Pre,0.13027
2,FSNT,Gamma,Tele,0.15142
2,FSNT,Gamma,Post,0.13158
2,FSFT,Delta,Pre,0.061939
2,FSFT,Delta,Tele,0.027362
2,FSFT,Delta,Post,0.044086
2,FSFT,Theta,Pre,0.53479
2,FSFT,Theta,Tele,0.47184
2,FSFT,Theta,Post,0.59418
2,FSFT,Alpha,Pre,0.52661
2,FSFT,Alpha,Tele,0.46584
2,FSFT,Alpha,Post,0.58904
2,FSFT,Beta,Pre,0.30133
2,FSFT,Beta,Tele,0.37715
2,FSFT,Beta,Post,0.42267
2,FSFT,Gamma,Pre,0.14443
2,FSFT,Gamma,Tele,0.13941
2,FSFT,Gamma,Post,0.17481
3,NSNT,Delta,Pre,0.019409
3,NSNT,Delta,Tele,0.049129
3,NSNT,Delta,Post,0.0081675
3,NSNT,Theta,Pre,0.18018
3,NSNT,Theta,Tele,0.3098
3,NSNT,Theta,Post,0.25688
3,NSNT,Alpha,Pre,0.50262
3,NSNT,Alpha,Tele,0.50952
3,NSNT,Alpha,Post,0.49474
3,NSNT,Beta,Pre,0.504
3,NSNT,Beta,Tele,0.57452
3,NSNT,Beta,Post,0.52043
3,NSNT,Gamma,Pre,0.21357
3,NSNT,Gamma,Tele,0.21131
3,NSNT,Gamma,Post,0.20387
3,NSFT,Delta,Pre,0.026096
3,NSFT,Delta,Tele,0.037574
3,NSFT,Delta,Post,0.066518
3,NSFT,Theta,Pre,0.22046
3,NSFT,Theta,Tele,0.23082
3,NSFT,Theta,Post,0.32069
3,NSFT,Alpha,Pre,0.46753
3,NSFT,Alpha,Tele,0.50996
3,NSFT,Alpha,Post,0.50938
3,NSFT,Beta,Pre,0.54489
3,NSFT,Beta,Tele,0.57114
3,NSFT,Beta,Post,0.62792
3,NSFT,Gamma,Pre,0.23591
3,NSFT,Gamma,Tele,0.2184
3,NSFT,Gamma,Post,0.23331
3,FSNT,Delta,Pre,0.0056424
3,FSNT,Delta,Tele,0.025394
3,FSNT,Delta,Post,0.05075
3,FSNT,Theta,Pre,0.11761
3,FSNT,Theta,Tele,0.14932
3,FSNT,Theta,Post,0.25616
3,FSNT,Alpha,Pre,0.43073
3,FSNT,Alpha,Tele,0.38211
3,FSNT,Alpha,Post,0.52746
3,FSNT,Beta,Pre,0.50365
3,FSNT,Beta,Tele,0.50628
3,FSNT,Beta,Post,0.56264
3,FSNT,Gamma,Pre,0.21254
3,FSNT,Gamma,Tele,0.22018
3,FSNT,Gamma,Post,0.20171
3,FSFT,Delta,Pre,0.0085901
3,FSFT,Delta,Tele,0.009611
3,FSFT,Delta,Post,0.0049105
3,FSFT,Theta,Pre,0.13481
3,FSFT,Theta,Tele,0.16399
3,FSFT,Theta,Post,0.16198
3,FSFT,Alpha,Pre,0.34399
3,FSFT,Alpha,Tele,0.35748
3,FSFT,Alpha,Post,0.33676
3,FSFT,Beta,Pre,0.53109
3,FSFT,Beta,Tele,0.52759
3,FSFT,Beta,Post,0.44374
3,FSFT,Gamma,Pre,0.21662
3,FSFT,Gamma,Tele,0.2026
3,FSFT,Gamma,Post,0.21316
4,NSNT,Delta,Pre,0.035767
4,NSNT,Delta,Tele,0.055397
4,NSNT,Delta,Post,0.042686
4,NSNT,Theta,Pre,0.055634
4,NSNT,Theta,Tele,0.13352
4,NSNT,Theta,Post,0.099682
4,NSNT,Alpha,Pre,0.16888
4,NSNT,Alpha,Tele,0.24646
4,NSNT,Alpha,Post,0.20664
4,NSNT,Beta,Pre,0.24666
4,NSNT,Beta,Tele,0.28809
4,NSNT,Beta,Post,0.25416
4,NSNT,Gamma,Pre,0.11383
4,NSNT,Gamma,Tele,0.139
4,NSNT,Gamma,Post,0.14695
4,NSFT,Delta,Pre,0.029532
4,NSFT,Delta,Tele,0.044704
4,NSFT,Delta,Post,0.022831
4,NSFT,Theta,Pre,0.10856
4,NSFT,Theta,Tele,0.12005
4,NSFT,Theta,Post,0.06303
4,NSFT,Alpha,Pre,0.20402
4,NSFT,Alpha,Tele,0.18267
4,NSFT,Alpha,Post,0.15183
4,NSFT,Beta,Pre,0.30335
4,NSFT,Beta,Tele,0.28151
4,NSFT,Beta,Post,0.28601
4,NSFT,Gamma,Pre,0.13272
4,NSFT,Gamma,Tele,0.14006
4,NSFT,Gamma,Post,0.13135
4,FSNT,Delta,Pre,0.030454
4,FSNT,Delta,Tele,0.039319
4,FSNT,Delta,Post,0.048025
4,FSNT,Theta,Pre,0.040527
4,FSNT,Theta,Tele,0.074816
4,FSNT,Theta,Post,0.11018
4,FSNT,Alpha,Pre,0.17109
4,FSNT,Alpha,Tele,0.1035
4,FSNT,Alpha,Post,0.13777
4,FSNT,Beta,Pre,0.25036
4,FSNT,Beta,Tele,0.27932
4,FSNT,Beta,Post,0.27851
4,FSNT,Gamma,Pre,0.12994
4,FSNT,Gamma,Tele,0.15047
4,FSNT,Gamma,Post,0.12757
4,FSFT,Delta,Pre,0.034957
4,FSFT,Delta,Tele,0.034588
4,FSFT,Delta,Post,0.01388
4,FSFT,Theta,Pre,0.11332
4,FSFT,Theta,Tele,0.075089
4,FSFT,Theta,Post,0.055325
4,FSFT,Alpha,Pre,0.093994
4,FSFT,Alpha,Tele,0.16249
4,FSFT,Alpha,Post,0.13054
4,FSFT,Beta,Pre,0.20417
4,FSFT,Beta,Tele,0.27821
4,FSFT,Beta,Post,0.19674
4,FSFT,Gamma,Pre,0.12123
4,FSFT,Gamma,Tele,0.13141
4,FSFT,Gamma,Post,0.14456
5,NSNT,Delta,Pre,0.040378
5,NSNT,Delta,Tele,0.052433
5,NSNT,Delta,Post,0.10612
5,NSNT,Theta,Pre,0.17615
5,NSNT,Theta,Tele,0.19649
5,NSNT,Theta,Post,0.20389
5,NSNT,Alpha,Pre,0.14917
5,NSNT,Alpha,Tele,0.22162
5,NSNT,Alpha,Post,0.19777
5,NSNT,Beta,Pre,0.19297
5,NSNT,Beta,Tele,0.23136
5,NSNT,Beta,Post,0.25453
5,NSNT,Gamma,Pre,0.27364
5,NSNT,Gamma,Tele,0.2815
5,NSNT,Gamma,Post,0.30658
5,NSFT,Delta,Pre,0.083912
5,NSFT,Delta,Tele,0.05138
5,NSFT,Delta,Post,0.021599
5,NSFT,Theta,Pre,0.26766
5,NSFT,Theta,Tele,0.2244
5,NSFT,Theta,Post,0.26472
5,NSFT,Alpha,Pre,0.21379
5,NSFT,Alpha,Tele,0.15694
5,NSFT,Alpha,Post,0.19749
5,NSFT,Beta,Pre,0.28063
5,NSFT,Beta,Tele,0.23015
5,NSFT,Beta,Post,0.18496
5,NSFT,Gamma,Pre,0.31305
5,NSFT,Gamma,Tele,0.28829
5,NSFT,Gamma,Post,0.27274
5,FSNT,Delta,Pre,0.031366
5,FSNT,Delta,Tele,0.047437
5,FSNT,Delta,Post,0.073059
5,FSNT,Theta,Pre,0.14687
5,FSNT,Theta,Tele,0.17414
5,FSNT,Theta,Post,0.14618
5,FSNT,Alpha,Pre,0.20892
5,FSNT,Alpha,Tele,0.17498
5,FSNT,Alpha,Post,0.20724
5,FSNT,Beta,Pre,0.23227
5,FSNT,Beta,Tele,0.25447
5,FSNT,Beta,Post,0.25399
5,FSNT,Gamma,Pre,0.29639
5,FSNT,Gamma,Tele,0.27848
5,FSNT,Gamma,Post,0.30194
5,FSFT,Delta,Pre,0.073459
5,FSFT,Delta,Tele,0.051239
5,FSFT,Delta,Post,0.0070486
5,FSFT,Theta,Pre,0.25704
5,FSFT,Theta,Tele,0.21161
5,FSFT,Theta,Post,0.15236
5,FSFT,Alpha,Pre,0.1285
5,FSFT,Alpha,Tele,0.24281
5,FSFT,Alpha,Post,0.16202
5,FSFT,Beta,Pre,0.19202
5,FSFT,Beta,Tele,0.28116
5,FSFT,Beta,Post,0.25466
5,FSFT,Gamma,Pre,0.29943
5,FSFT,Gamma,Tele,0.2797
5,FSFT,Gamma,Post,0.28269
6,NSNT,Delta,Pre,0.013656
6,NSNT,Delta,Tele,0.043174
6,NSNT,Delta,Post,0.046063
6,NSNT,Theta,Pre,0.14907
6,NSNT,Theta,Tele,0.25578
6,NSNT,Theta,Post,0.24125
6,NSNT,Alpha,Pre,0.19245
6,NSNT,Alpha,Tele,0.19823
6,NSNT,Alpha,Post,0.20378
6,NSNT,Beta,Pre,0.17254
6,NSNT,Beta,Tele,0.1928
6,NSNT,Beta,Post,0.18487
6,NSNT,Gamma,Pre,0.079102
6,NSNT,Gamma,Tele,0.084281
6,NSNT,Gamma,Post,0.053221
6,NSFT,Delta,Pre,0.062077
6,NSFT,Delta,Tele,0.069449
6,NSFT,Delta,Post,0.055556
6,NSFT,Theta,Pre,0.15864
6,NSFT,Theta,Tele,0.22771
6,NSFT,Theta,Post,0.20874
6,NSFT,Alpha,Pre,0.19175
6,NSFT,Alpha,Tele,0.19375
6,NSFT,Alpha,Post,0.15686
6,NSFT,Beta,Pre,0.15469
6,NSFT,Beta,Tele,0.16341
6,NSFT,Beta,Post,0.13442
6,NSFT,Gamma,Pre,0.08869
6,NSFT,Gamma,Tele,0.074331
6,NSFT,Gamma,Post,0.11398
6,FSNT,Delta,Pre,0.051307
6,FSNT,Delta,Tele,0.043859
6,FSNT,Delta,Post,0.037121
6,FSNT,Theta,Pre,0.13358
6,FSNT,Theta,Tele,0.18071
6,FSNT,Theta,Post,0.068439
6,FSNT,Alpha,Pre,0.17206
6,FSNT,Alpha,Tele,0.15752
6,FSNT,Alpha,Post,0.13801
6,FSNT,Beta,Pre,0.22626
6,FSNT,Beta,Tele,0.1782
6,FSNT,Beta,Post,0.068477
6,FSNT,Gamma,Pre,0.074649
6,FSNT,Gamma,Tele,0.099684
6,FSNT,Gamma,Post,0.081448
6,FSFT,Delta,Pre,0.052108
6,FSFT,Delta,Tele,0.041929
6,FSFT,Delta,Post,0.029496
6,FSFT,Theta,Pre,0.10406
6,FSFT,Theta,Tele,0.17006
6,FSFT,Theta,Post,0.23152
6,FSFT,Alpha,Pre,0.25466
6,FSFT,Alpha,Tele,0.13402
6,FSFT,Alpha,Post,0.41931
6,FSFT,Beta,Pre,0.11483
6,FSFT,Beta,Tele,0.16942
6,FSFT,Beta,Post,0.37903
6,FSFT,Gamma,Pre,0.053226
6,FSFT,Gamma,Tele,0.090895
6,FSFT,Gamma,Post,0.14315
7,NSNT,Delta,Pre,0.0076265
7,NSNT,Delta,Tele,0.05982
7,NSNT,Delta,Post,0.035792
7,NSNT,Theta,Pre,0.19587
7,NSNT,Theta,Tele,0.2465
7,NSNT,Theta,Post,0.21113
7,NSNT,Alpha,Pre,0.21547
7,NSNT,Alpha,Tele,0.18338
7,NSNT,Alpha,Post,0.19538
7,NSNT,Beta,Pre,0.20117
7,NSNT,Beta,Tele,0.17236
7,NSNT,Beta,Post,0.16415
7,NSNT,Gamma,Pre,0.09564
7,NSNT,Gamma,Tele,0.080034
7,NSNT,Gamma,Post,0.063407
7,NSFT,Delta,Pre,0.033333
7,NSFT,Delta,Tele,0.052533
7,NSFT,Delta,Post,0.054829
7,NSFT,Theta,Pre,0.20903
7,NSFT,Theta,Tele,0.24037
7,NSFT,Theta,Post,0.157
7,NSFT,Alpha,Pre,0.19443
7,NSFT,Alpha,Tele,0.17598
7,NSFT,Alpha,Post,0.30664
7,NSFT,Beta,Pre,0.12041
7,NSFT,Beta,Tele,0.1706
7,NSFT,Beta,Post,0.22941
7,NSFT,Gamma,Pre,0.095934
7,NSFT,Gamma,Tele,0.080846
7,NSFT,Gamma,Post,0.08066
7,FSNT,Delta,Pre,0.043253
7,FSNT,Delta,Tele,0.062075
7,FSNT,Delta,Post,0.091001
7,FSNT,Theta,Pre,0.15263
7,FSNT,Theta,Tele,0.17974
7,FSNT,Theta,Post,0.20192
7,FSNT,Alpha,Pre,0.16132
7,FSNT,Alpha,Tele,0.13727
7,FSNT,Alpha,Post,0.15083
7,FSNT,Beta,Pre,0.1877
7,FSNT,Beta,Tele,0.14093
7,FSNT,Beta,Post,0.19789
7,FSNT,Gamma,Pre,0.075332
7,FSNT,Gamma,Tele,0.095338
7,FSNT,Gamma,Post,0.14439
7,FSFT,Delta,Pre,0.042643
7,FSFT,Delta,Tele,0.038538
7,FSFT,Delta,Post,0.030585
7,FSFT,Theta,Pre,0.10472
7,FSFT,Theta,Tele,0.19297
7,FSFT,Theta,Post,0.14235
7,FSFT,Alpha,Pre,0.21469
7,FSFT,Alpha,Tele,0.18446
7,FSFT,Alpha,Post,0.2187
7,FSFT,Beta,Pre,0.16798
7,FSFT,Beta,Tele,0.18928
7,FSFT,Beta,Post,0.25339
7,FSFT,Gamma,Pre,0.077777
7,FSFT,Gamma,Tele,0.077754
7,FSFT,Gamma,Post,0.077334
8,NSNT,Delta,Pre,0.014292
8,NSNT,Delta,Tele,0.071237
8,NSNT,Delta,Post,0.068939
8,NSNT,Theta,Pre,0.32056
8,NSNT,Theta,Tele,0.35687
8,NSNT,Theta,Post,0.2598
8,NSNT,Alpha,Pre,0.19441
8,NSNT,Alpha,Tele,0.15854
8,NSNT,Alpha,Post,0.14426
8,NSNT,Beta,Pre,0.12123
8,NSNT,Beta,Tele,0.11683
8,NSNT,Beta,Post,0.033613
8,NSNT,Gamma,Pre,0.053648
8,NSNT,Gamma,Tele,0.048571
8,NSNT,Gamma,Post,0.043799
8,NSFT,Delta,Pre,0.10115
8,NSFT,Delta,Tele,0.069103
8,NSFT,Delta,Post,0.13399
8,NSFT,Theta,Pre,0.4834
8,NSFT,Theta,Tele,0.30664
8,NSFT,Theta,Post,0.18546
8,NSFT,Alpha,Pre,0.17207
8,NSFT,Alpha,Tele,0.22164
8,NSFT,Alpha,Post,0.22304
8,NSFT,Beta,Pre,0.10346
8,NSFT,Beta,Tele,0.1137
8,NSFT,Beta,Post,0.16623
8,NSFT,Gamma,Pre,0.055504
8,NSFT,Gamma,Tele,0.054392
8,NSFT,Gamma,Post,0.060408
8,FSNT,Delta,Pre,0.044813
8,FSNT,Delta,Tele,0.064973
8,FSNT,Delta,Post,0.1453
8,FSNT,Theta,Pre,0.21291
8,FSNT,Theta,Tele,0.30284
8,FSNT,Theta,Post,0.34747
8,FSNT,Alpha,Pre,0.1179
8,FSNT,Alpha,Tele,0.18907
8,FSNT,Alpha,Post,0.14065
8,FSNT,Beta,Pre,0.11883
8,FSNT,Beta,Tele,0.14498
8,FSNT,Beta,Post,0.25505
8,FSNT,Gamma,Pre,0.05141
8,FSNT,Gamma,Tele,0.063145
8,FSNT,Gamma,Post,0.038873
8,FSFT,Delta,Pre,0.039572
8,FSFT,Delta,Tele,0.059776
8,FSFT,Delta,Post,0.036618
8,FSFT,Theta,Pre,0.17787
8,FSFT,Theta,Tele,0.29608
8,FSFT,Theta,Post,0.36011
8,FSFT,Alpha,Pre,0.13274
8,FSFT,Alpha,Tele,0.22952
8,FSFT,Alpha,Post,0.098416
8,FSFT,Beta,Pre,0.082873
8,FSFT,Beta,Tele,0.15924
8,FSFT,Beta,Post,0.099397
8,FSFT,Gamma,Pre,0.06209
8,FSFT,Gamma,Tele,0.057929
8,FSFT,Gamma,Post,0.036748
9,NSNT,Delta,Pre,0.032397
9,NSNT,Delta,Tele,0.06962
9,NSNT,Delta,Post,0.059757
9,NSNT,Theta,Pre,0.14355
9,NSNT,Theta,Tele,0.23209
9,NSNT,Theta,Post,0.15266
9,NSNT,Alpha,Pre,0.097377
9,NSNT,Alpha,Tele,0.12132
9,NSNT,Alpha,Post,0.14286
9,NSNT,Beta,Pre,0.2784
9,NSNT,Beta,Tele,0.25163
9,NSNT,Beta,Post,0.21317
9,NSNT,Gamma,Pre,0.083693
9,NSNT,Gamma,Tele,0.068482
9,NSNT,Gamma,Post,0.10861
9,NSFT,Delta,Pre,0.031131
9,NSFT,Delta,Tele,0.055257
9,NSFT,Delta,Post,0.072016
9,NSFT,Theta,Pre,0.20173
9,NSFT,Theta,Tele,0.15486
9,NSFT,Theta,Post,0.17919
9,NSFT,Alpha,Pre,0.1748
9,NSFT,Alpha,Tele,0.093731
9,NSFT,Alpha,Post,0.027778
9,NSFT,Beta,Pre,0.22975
9,NSFT,Beta,Tele,0.27962
9,NSFT,Beta,Post,0.44553
9,NSFT,Gamma,Pre,0.099902
9,NSFT,Gamma,Tele,0.086943
9,NSFT,Gamma,Post,0.051792
9,FSNT,Delta,Pre,0.055681
9,FSNT,Delta,Tele,0.041735
9,FSNT,Delta,Post,0.039299
9,FSNT,Theta,Pre,0.18066
9,FSNT,Theta,Tele,0.20625
9,FSNT,Theta,Post,0.08371
9,FSNT,Alpha,Pre,0.08759
9,FSNT,Alpha,Tele,0.18774
9,FSNT,Alpha,Post,0.32692
9,FSNT,Beta,Pre,0.28208
9,FSNT,Beta,Tele,0.2746
9,FSNT,Beta,Post,0.23922
9,FSNT,Gamma,Pre,0.095956
9,FSNT,Gamma,Tele,0.097535
9,FSNT,Gamma,Post,0.18867
9,FSFT,Delta,Pre,0.038111
9,FSFT,Delta,Tele,0.10319
9,FSFT,Delta,Post,0.019859
9,FSFT,Theta,Pre,0.18194
9,FSFT,Theta,Tele,0.18456
9,FSFT,Theta,Post,0.18646
9,FSFT,Alpha,Pre,0.23836
9,FSFT,Alpha,Tele,0.17896
9,FSFT,Alpha,Post,0.53469
9,FSFT,Beta,Pre,0.23693
9,FSFT,Beta,Tele,0.27075
9,FSFT,Beta,Post,0.21222
9,FSFT,Gamma,Pre,0.05423
9,FSFT,Gamma,Tele,0.070466
9,FSFT,Gamma,Post,0.042986
10,NSNT,Delta,Pre,0.032537
10,NSNT,Delta,Tele,0.051412
10,NSNT,Delta,Post,0.051976
10,NSNT,Theta,Pre,0.13128
10,NSNT,Theta,Tele,0.2437
10,NSNT,Theta,Post,0.16947
10,NSNT,Alpha,Pre,0.18241
10,NSNT,Alpha,Tele,0.13393
10,NSNT,Alpha,Post,0.068627
10,NSNT,Beta,Pre,0.23036
10,NSNT,Beta,Tele,0.22719
10,NSNT,Beta,Post,0.15322
10,NSNT,Gamma,Pre,0.10241
10,NSNT,Gamma,Tele,0.10012
10,NSNT,Gamma,Post,0.095747
10,NSFT,Delta,Pre,0.031879
10,NSFT,Delta,Tele,0.061812
10,NSFT,Delta,Post,0.072985
10,NSFT,Theta,Pre,0.28142
10,NSFT,Theta,Tele,0.18766
10,NSFT,Theta,Post,0.14951
10,NSFT,Alpha,Pre,0.21421
10,NSFT,Alpha,Tele,0.1154
10,NSFT,Alpha,Post,0.10948
10,NSFT,Beta,Pre,0.25492
10,NSFT,Beta,Tele,0.2967
10,NSFT,Beta,Post,0.36416
10,NSFT,Gamma,Pre,0.11509
10,NSFT,Gamma,Tele,0.098028
10,NSFT,Gamma,Post,0.11572
10,FSNT,Delta,Pre,0.048761
10,FSNT,Delta,Tele,0.035295
10,FSNT,Delta,Post,0.028574
10,FSNT,Theta,Pre,0.18829
10,FSNT,Theta,Tele,0.23753
10,FSNT,Theta,Post,0.086538
10,FSNT,Alpha,Pre,0.12624
10,FSNT,Alpha,Tele,0.12565
10,FSNT,Alpha,Post,0.097285
10,FSNT,Beta,Pre,0.35859
10,FSNT,Beta,Tele,0.27796
10,FSNT,Beta,Post,0.26048
10,FSNT,Gamma,Pre,0.12338
10,FSNT,Gamma,Tele,0.11164
10,FSNT,Gamma,Post,0.18052
10,FSFT,Delta,Pre,0.070087
10,FSFT,Delta,Tele,0.088569
10,FSFT,Delta,Post,0.023714
10,FSFT,Theta,Pre,0.20989
10,FSFT,Theta,Tele,0.23677
10,FSFT,Theta,Post,0.084842
10,FSFT,Alpha,Pre,0.24617
10,FSFT,Alpha,Tele,0.099673
10,FSFT,Alpha,Post,0.43363
10,FSFT,Beta,Pre,0.27928
10,FSFT,Beta,Tele,0.27333
10,FSFT,Beta,Post,0.30905
10,FSFT,Gamma,Pre,0.093422
10,FSFT,Gamma,Tele,0.091469
10,FSFT,Gamma,Post,0.030783
11,NSNT,Delta,Pre,0.011486
11,NSNT,Delta,Tele,0.050749
11,NSNT,Delta,Post,0.024899
11,NSNT,Theta,Pre,0.25506
11,NSNT,Theta,Tele,0.26408
11,NSNT,Theta,Post,0.18487
11,NSNT,Alpha,Pre,0.29548
11,NSNT,Alpha,Tele,0.28211
11,NSNT,Alpha,Post,0.21008
11,NSNT,Beta,Pre,0.21557
11,NSNT,Beta,Tele,0.2202
11,NSNT,Beta,Post,0.14874
11,NSNT,Gamma,Pre,0.06562
11,NSNT,Gamma,Tele,0.058787
11,NSNT,Gamma,Post,0.081742
11,NSFT,Delta,Pre,0.051931
11,NSFT,Delta,Tele,0.039974
11,NSFT,Delta,Post,0.037884
11,NSFT,Theta,Pre,0.3217
11,NSFT,Theta,Tele,0.34508
11,NSFT,Theta,Post,0.19635
11,NSFT,Alpha,Pre,0.30181
11,NSFT,Alpha,Tele,0.322
11,NSFT,Alpha,Post,0.28949
11,NSFT,Beta,Pre,0.25389
11,NSFT,Beta,Tele,0.22298
11,NSFT,Beta,Post,0.26013
11,NSFT,Gamma,Pre,0.066016
11,NSFT,Gamma,Tele,0.086384
11,NSFT,Gamma,Post,0.11879
11,FSNT,Delta,Pre,0.059746
11,FSNT,Delta,Tele,0.028887
11,FSNT,Delta,Post,0.017094
11,FSNT,Theta,Pre,0.24378
11,FSNT,Theta,Tele,0.32567
11,FSNT,Theta,Post,0.13141
11,FSNT,Alpha,Pre,0.4289
11,FSNT,Alpha,Tele,0.33982
11,FSNT,Alpha,Post,0.17685
11,FSNT,Beta,Pre,0.28965
11,FSNT,Beta,Tele,0.26945
11,FSNT,Beta,Post,0.4187
11,FSNT,Gamma,Pre,0.075632
11,FSNT,Gamma,Tele,0.069899
11,FSNT,Gamma,Post,0.053956
11,FSFT,Delta,Pre,0.06972
11,FSFT,Delta,Tele,0.057155
11,FSFT,Delta,Post,0.021703
11,FSFT,Theta,Pre,0.32381
11,FSFT,Theta,Tele,0.25971
11,FSFT,Theta,Post,0.34483
11,FSFT,Alpha,Pre,0.15403
11,FSFT,Alpha,Tele,0.307
11,FSFT,Alpha,Post,0.36086
11,FSFT,Beta,Pre,0.34494
11,FSFT,Beta,Tele,0.22104
11,FSFT,Beta,Post,0.41614
11,FSFT,Gamma,Pre,0.056388
11,FSFT,Gamma,Tele,0.098851
11,FSFT,Gamma,Post,0.15755
12,NSNT,Delta,Pre,0.074234
12,NSNT,Delta,Tele,0.08136
12,NSNT,Delta,Post,0.122
12,NSNT,Theta,Pre,0.44618
12,NSNT,Theta,Tele,0.38395
12,NSNT,Theta,Post,0.41317
12,NSNT,Alpha,Pre,0.29918
12,NSNT,Alpha,Tele,0.26181
12,NSNT,Alpha,Post,0.29272
12,NSNT,Beta,Pre,0.2442
12,NSNT,Beta,Tele,0.21831
12,NSNT,Beta,Post,0.19216
12,NSNT,Gamma,Pre,0.10987
12,NSNT,Gamma,Tele,0.10512
12,NSNT,Gamma,Post,0.068627
12,NSFT,Delta,Pre,0.066016
12,NSFT,Delta,Tele,0.092362
12,NSFT,Delta,Post,0.037037
12,NSFT,Theta,Pre,0.31709
12,NSFT,Theta,Tele,0.31681
12,NSFT,Theta,Post,0.33973
12,NSFT,Alpha,Pre,0.24346
12,NSFT,Alpha,Tele,0.29283
12,NSFT,Alpha,Post,0.22467
12,NSFT,Beta,Pre,0.29533
12,NSFT,Beta,Tele,0.29217
12,NSFT,Beta,Post,0.10065
12,NSFT,Gamma,Pre,0.10554
12,NSFT,Gamma,Tele,0.11501
12,NSFT,Gamma,Post,0.075659
12,FSNT,Delta,Pre,0.044763
12,FSNT,Delta,Tele,0.046111
12,FSNT,Delta,Post,0.041478
12,FSNT,Theta,Pre,0.33457
12,FSNT,Theta,Tele,0.36663
12,FSNT,Theta,Post,0.29657
12,FSNT,Alpha,Pre,0.15843
12,FSNT,Alpha,Tele,0.21162
12,FSNT,Alpha,Post,0.14555
12,FSNT,Beta,Pre,0.20583
12,FSNT,Beta,Tele,0.22854
12,FSNT,Beta,Post,0.42489
12,FSNT,Gamma,Pre,0.10624
12,FSNT,Gamma,Tele,0.12266
12,FSNT,Gamma,Post,0.14713
12,FSFT,Delta,Pre,0.13048
12,FSFT,Delta,Tele,0.057326
12,FSFT,Delta,Post,0.05036
12,FSFT,Theta,Pre,0.32195
12,FSFT,Theta,Tele,0.31502
12,FSFT,Theta,Post,0.34238
12,FSFT,Alpha,Pre,0.30833
12,FSFT,Alpha,Tele,0.093777
12,FSFT,Alpha,Post,0.14404
12,FSFT,Beta,Pre,0.2753
12,FSFT,Beta,Tele,0.18869
12,FSFT,Beta,Post,0.17391
12,FSFT,Gamma,Pre,0.099241
12,FSFT,Gamma,Tele,0.11599
12,FSFT,Gamma,Post,0.073632
13,NSNT,Delta,Pre,0.050952
13,NSNT,Delta,Tele,0.057156
13,NSNT,Delta,Post,0.071273
13,NSNT,Theta,Pre,0.39422
13,NSNT,Theta,Tele,0.28045
13,NSNT,Theta,Post,0.36275
13,NSNT,Alpha,Pre,0.21652
13,NSNT,Alpha,Tele,0.217
13,NSNT,Alpha,Post,0.27941
13,NSNT,Beta,Pre,0.17274
13,NSNT,Beta,Tele,0.14831
13,NSNT,Beta,Post,0.13361
13,NSNT,Gamma,Pre,0.1111
13,NSNT,Gamma,Tele,0.1125
13,NSNT,Gamma,Post,0.13649
13,NSFT,Delta,Pre,0.062988
13,NSFT,Delta,Tele,0.06584
13,NSFT,Delta,Post,0
13,NSFT,Theta,Pre,0.32964
13,NSFT,Theta,Tele,0.24711
13,NSFT,Theta,Post,0.33796
13,NSFT,Alpha,Pre,0.12432
13,NSFT,Alpha,Tele,0.21822
13,NSFT,Alpha,Post,0.1171
13,NSFT,Beta,Pre,0.16814
13,NSFT,Beta,Tele,0.2135
13,NSFT,Beta,Post,0.22516
13,NSFT,Gamma,Pre,0.13263
13,NSFT,Gamma,Tele,0.12827
13,NSFT,Gamma,Post,0.057784
13,FSNT,Delta,Pre,0.04498
13,FSNT,Delta,Tele,0.031051
13,FSNT,Delta,Post,0.025641
13,FSNT,Theta,Pre,0.28255
13,FSNT,Theta,Tele,0.28014
13,FSNT,Theta,Post,0.21757
13,FSNT,Alpha,Pre,0.095553
13,FSNT,Alpha,Tele,0.1382
13,FSNT,Alpha,Post,0.15573
13,FSNT,Beta,Pre,0.22476
13,FSNT,Beta,Tele,0.20364
13,FSNT,Beta,Post,0.3908
13,FSNT,Gamma,Pre,0.12083
13,FSNT,Gamma,Tele,0.13796
13,FSNT,Gamma,Post,0.1267
13,FSFT,Delta,Pre,0.022052
13,FSFT,Delta,Tele,0.045096
13,FSFT,Delta,Post,0.066449
13,FSFT,Theta,Pre,0.29935
13,FSFT,Theta,Tele,0.27831
13,FSFT,Theta,Post,0.51923
13,FSFT,Alpha,Pre,0.15892
13,FSFT,Alpha,Tele,0.12495
13,FSFT,Alpha,Post,0.070136
13,FSFT,Beta,Pre,0.19151
13,FSFT,Beta,Tele,0.19718
13,FSFT,Beta,Post,0.15385
13,FSFT,Gamma,Pre,0.10616
13,FSFT,Gamma,Tele,0.11851
13,FSFT,Gamma,Post,0.098245
14,NSNT,Delta,Pre,0.025794
14,NSNT,Delta,Tele,0.049214
14,NSNT,Delta,Post,0.095238
14,NSNT,Theta,Pre,0.27591
14,NSNT,Theta,Tele,0.29399
14,NSNT,Theta,Post,0.28361
14,NSNT,Alpha,Pre,0.33524
14,NSNT,Alpha,Tele,0.24534
14,NSNT,Alpha,Post,0.26541
14,NSNT,Beta,Pre,0.12882
14,NSNT,Beta,Tele,0.11393
14,NSNT,Beta,Post,0.098599
14,NSNT,Gamma,Pre,0.099952
14,NSNT,Gamma,Tele,0.10137
14,NSNT,Gamma,Post,0.11497
14,NSFT,Delta,Pre,0.049143
14,NSFT,Delta,Tele,0.038182
14,NSFT,Delta,Post,0.04321
14,NSFT,Theta,Pre,0.12639
14,NSFT,Theta,Tele,0.21072
14,NSFT,Theta,Post,0.14583
14,NSFT,Alpha,Pre,0.17432
14,NSFT,Alpha,Tele,0.13392
14,NSFT,Alpha,Post,0.1939
14,NSFT,Beta,Pre,0.099238
14,NSFT,Beta,Tele,0.1322
14,NSFT,Beta,Post,0.18682
14,NSFT,Gamma,Pre,0.082076
14,NSFT,Gamma,Tele,0.10483
14,NSFT,Gamma,Post,0.071747
14,FSNT,Delta,Pre,0.018304
14,FSNT,Delta,Tele,0.033577
14,FSNT,Delta,Post,0.021368
14,FSNT,Theta,Pre,0.22493
14,FSNT,Theta,Tele,0.31192
14,FSNT,Theta,Post,0.17854
14,FSNT,Alpha,Pre,0.12158
14,FSNT,Alpha,Tele,0.21394
14,FSNT,Alpha,Post,0.43477
14,FSNT,Beta,Pre,0.13736
14,FSNT,Beta,Tele,0.12114
14,FSNT,Beta,Post,0.14359
14,FSNT,Gamma,Pre,0.096359
14,FSNT,Gamma,Tele,0.11338
14,FSNT,Gamma,Post,0.11209
14,FSFT,Delta,Pre,0.14259
14,FSFT,Delta,Tele,0.031266
14,FSFT,Delta,Post,0.029915
14,FSFT,Theta,Pre,0.21548
14,FSFT,Theta,Tele,0.1462
14,FSFT,Theta,Post,0.22059
14,FSFT,Alpha,Pre,0.40813
14,FSFT,Alpha,Tele,0.14879
14,FSFT,Alpha,Post,0.08371
14,FSFT,Beta,Pre,0.10407
14,FSFT,Beta,Tele,0.11442
14,FSFT,Beta,Post,0.14932
14,FSFT,Gamma,Pre,0.080242
14,FSFT,Gamma,Tele,0.10027
14,FSFT,Gamma,Post,0.21788
15,NSNT,Delta,Pre,0.037094
15,NSNT,Delta,Tele,0.050064
15,NSNT,Delta,Post,0.09944
15,NSNT,Theta,Pre,0.24421
15,NSNT,Theta,Tele,0.32711
15,NSNT,Theta,Post,0.24895
15,NSNT,Alpha,Pre,0.22008
15,NSNT,Alpha,Tele,0.22225
15,NSNT,Alpha,Post,0.20238
15,NSNT,Beta,Pre,0.17104
15,NSNT,Beta,Tele,0.14751
15,NSNT,Beta,Post,0.093557
15,NSNT,Gamma,Pre,0.094549
15,NSNT,Gamma,Tele,0.10481
15,NSNT,Gamma,Post,0.086071
15,NSFT,Delta,Pre,0.055946
15,NSFT,Delta,Tele,0.042472
15,NSFT,Delta,Post,0.037037
15,NSFT,Theta,Pre,0.17102
15,NSFT,Theta,Tele,0.24185
15,NSFT,Theta,Post,0.30392
15,NSFT,Alpha,Pre,0.19692
15,NSFT,Alpha,Tele,0.1404
15,NSFT,Alpha,Post,0.13426
15,NSFT,Beta,Pre,0.1591
15,NSFT,Beta,Tele,0.23148
15,NSFT,Beta,Post,0.19488
15,NSFT,Gamma,Pre,0.108
15,NSFT,Gamma,Tele,0.10782
15,NSFT,Gamma,Post,0.042583
15,FSNT,Delta,Pre,0.02706
15,FSNT,Delta,Tele,0.034129
15,FSNT,Delta,Post,0.021368
15,FSNT,Theta,Pre,0.27071
15,FSNT,Theta,Tele,0.30001
15,FSNT,Theta,Post,0.14612
15,FSNT,Alpha,Pre,0.15411
15,FSNT,Alpha,Tele,0.21293
15,FSNT,Alpha,Post,0.34238
15,FSNT,Beta,Pre,0.13278
15,FSNT,Beta,Tele,0.20908
15,FSNT,Beta,Post,0.19653
15,FSNT,Gamma,Pre,0.12387
15,FSNT,Gamma,Tele,0.10355
15,FSNT,Gamma,Post,0.12546
15,FSFT,Delta,Pre,0.1505
15,FSFT,Delta,Tele,0.036331
15,FSFT,Delta,Post,0.032428
15,FSFT,Theta,Pre,0.17535
15,FSFT,Theta,Tele,0.19637
15,FSFT,Theta,Post,0.37293
15,FSFT,Alpha,Pre,0.25008
15,FSFT,Alpha,Tele,0.10075
15,FSFT,Alpha,Post,0.058069
15,FSFT,Beta,Pre,0.2143
15,FSFT,Beta,Tele,0.17267
15,FSFT,Beta,Post,0.31357
15,FSFT,Gamma,Pre,0.073454
15,FSFT,Gamma,Tele,0.089919
15,FSFT,Gamma,Post,0.14514
16,NSNT,Delta,Pre,0.050611
16,NSNT,Delta,Tele,0.041502
16,NSNT,Delta,Post,0.092904
16,NSNT,Theta,Pre,0.2402
16,NSNT,Theta,Tele,0.25798
16,NSNT,Theta,Post,0.24265
16,NSNT,Alpha,Pre,0.20989
16,NSNT,Alpha,Tele,0.21138
16,NSNT,Alpha,Post,0.18347
16,NSNT,Beta,Pre,0.18184
16,NSNT,Beta,Tele,0.13032
16,NSNT,Beta,Post,0.16723
16,NSNT,Gamma,Pre,0.092837
16,NSNT,Gamma,Tele,0.096645
16,NSNT,Gamma,Post,0.10453
16,NSFT,Delta,Pre,0.040321
16,NSFT,Delta,Tele,0.028758
16,NSFT,Delta,Post,0.036916
16,NSFT,Theta,Pre,0.23918
16,NSFT,Theta,Tele,0.2276
16,NSFT,Theta,Post,0.13739
16,NSFT,Alpha,Pre,0.26528
16,NSFT,Alpha,Tele,0.14677
16,NSFT,Alpha,Post,0.11166
16,NSFT,Beta,Pre,0.15986
16,NSFT,Beta,Tele,0.14469
16,NSFT,Beta,Post,0.17756
16,NSFT,Gamma,Pre,0.10948
16,NSFT,Gamma,Tele,0.10047
16,NSFT,Gamma,Post,0.079372
16,FSNT,Delta,Pre,0.034272
16,FSNT,Delta,Tele,0.031063
16,FSNT,Delta,Post,0.013491
16,FSNT,Theta,Pre,0.40435
16,FSNT,Theta,Tele,0.36609
16,FSNT,Theta,Post,0.29808
16,FSNT,Alpha,Pre,0.25334
16,FSNT,Alpha,Tele,0.26719
16,FSNT,Alpha,Post,0.39291
16,FSNT,Beta,Pre,0.17249
16,FSNT,Beta,Tele,0.25554
16,FSNT,Beta,Post,0.11946
16,FSNT,Gamma,Pre,0.11571
16,FSNT,Gamma,Tele,0.12834
16,FSNT,Gamma,Post,0.072261
16,FSFT,Delta,Pre,0.12851
16,FSFT,Delta,Tele,0.027064
16,FSFT,Delta,Post,0.025641
16,FSFT,Theta,Pre,0.21105
16,FSFT,Theta,Tele,0.24063
16,FSFT,Theta,Post,0.44551
16,FSFT,Alpha,Pre,0.14832
16,FSFT,Alpha,Tele,0.11812
16,FSFT,Alpha,Post,0.11011
16,FSFT,Beta,Pre,0.2123
16,FSFT,Beta,Tele,0.15793
16,FSFT,Beta,Post,0.16697
16,FSFT,Gamma,Pre,0.070524
16,FSFT,Gamma,Tele,0.09123
16,FSFT,Gamma,Post,0.20931
17,NSNT,Delta,Pre,0.062795
17,NSNT,Delta,Tele,0.10475
17,NSNT,Delta,Post,0.068633
17,NSNT,Theta,Pre,0.42446
17,NSNT,Theta,Tele,0.44584
17,NSNT,Theta,Post,0.4856
17,NSNT,Alpha,Pre,0.36412
17,NSNT,Alpha,Tele,0.3826
17,NSNT,Alpha,Post,0.50447
17,NSNT,Beta,Pre,0.49406
17,NSNT,Beta,Tele,0.53937
17,NSNT,Beta,Post,0.51742
17,NSNT,Gamma,Pre,0.23176
17,NSNT,Gamma,Tele,0.24775
17,NSNT,Gamma,Post,0.26758
17,NSFT,Delta,Pre,0.098177
17,NSFT,Delta,Tele,0.090408
17,NSFT,Delta,Post,0.096673
17,NSFT,Theta,Pre,0.50042
17,NSFT,Theta,Tele,0.47488
17,NSFT,Theta,Post,0.4422
17,NSFT,Alpha,Pre,0.34336
17,NSFT,Alpha,Tele,0.35578
17,NSFT,Alpha,Post,0.34742
17,NSFT,Beta,Pre,0.42885
17,NSFT,Beta,Tele,0.53528
17,NSFT,Beta,Post,0.52141
17,NSFT,Gamma,Pre,0.22499
17,NSFT,Gamma,Tele,0.24086
17,NSFT,Gamma,Post,0.25041
17,FSNT,Delta,Pre,0.10283
17,FSNT,Delta,Tele,0.094202
17,FSNT,Delta,Post,0.10154
17,FSNT,Theta,Pre,0.52176
17,FSNT,Theta,Tele,0.49494
17,FSNT,Theta,Post,0.51097
17,FSNT,Alpha,Pre,0.45982
17,FSNT,Alpha,Tele,0.39389
17,FSNT,Alpha,Post,0.56619
17,FSNT,Beta,Pre,0.4524
17,FSNT,Beta,Tele,0.47621
17,FSNT,Beta,Post,0.54163
17,FSNT,Gamma,Pre,0.22338
17,FSNT,Gamma,Tele,0.23519
17,FSNT,Gamma,Post,0.25978
17,FSFT,Delta,Pre,0.09959
17,FSFT,Delta,Tele,0.11588
17,FSFT,Delta,Post,0.087568
17,FSFT,Theta,Pre,0.51975
17,FSFT,Theta,Tele,0.40509
17,FSFT,Theta,Post,0.38125
17,FSFT,Alpha,Pre,0.34153
17,FSFT,Alpha,Tele,0.38238
17,FSFT,Alpha,Post,0.43106
17,FSFT,Beta,Pre,0.48789
17,FSFT,Beta,Tele,0.52157
17,FSFT,Beta,Post,0.43085
17,FSFT,Gamma,Pre,0.22726
17,FSFT,Gamma,Tele,0.24259
17,FSFT,Gamma,Post,0.20888
18,NSNT,Delta,Pre,0.062205
18,NSNT,Delta,Tele,0.091774
18,NSNT,Delta,Post,0.059376
18,NSNT,Theta,Pre,0.43719
18,NSNT,Theta,Tele,0.46871
18,NSNT,Theta,Post,0.5441
18,NSNT,Alpha,Pre,0.55469
18,NSNT,Alpha,Tele,0.53764
18,NSNT,Alpha,Post,0.5759
18,NSNT,Beta,Pre,0.4832
18,NSNT,Beta,Tele,0.53778
18,NSNT,Beta,Post,0.5414
18,NSNT,Gamma,Pre,0.22712
18,NSNT,Gamma,Tele,0.23384
18,NSNT,Gamma,Post,0.24504
18,NSFT,Delta,Pre,0.076288
18,NSFT,Delta,Tele,0.079573
18,NSFT,Delta,Post,0.082902
18,NSFT,Theta,Pre,0.53675
18,NSFT,Theta,Tele,0.49975
18,NSFT,Theta,Post,0.51243
18,NSFT,Alpha,Pre,0.37018
18,NSFT,Alpha,Tele,0.45753
18,NSFT,Alpha,Post,0.48911
18,NSFT,Beta,Pre,0.41995
18,NSFT,Beta,Tele,0.49417
18,NSFT,Beta,Post,0.44162
18,NSFT,Gamma,Pre,0.21153
18,NSFT,Gamma,Tele,0.21391
18,NSFT,Gamma,Post,0.2273
18,FSNT,Delta,Pre,0.10587
18,FSNT,Delta,Tele,0.084824
18,FSNT,Delta,Post,0.066924
18,FSNT,Theta,Pre,0.60107
18,FSNT,Theta,Tele,0.56322
18,FSNT,Theta,Post,0.55092
18,FSNT,Alpha,Pre,0.45878
18,FSNT,Alpha,Tele,0.52447
18,FSNT,Alpha,Post,0.56458
18,FSNT,Beta,Pre,0.50533
18,FSNT,Beta,Tele,0.47705
18,FSNT,Beta,Post,0.53304
18,FSNT,Gamma,Pre,0.21265
18,FSNT,Gamma,Tele,0.21877
18,FSNT,Gamma,Post,0.22701
18,FSFT,Delta,Pre,0.077375
18,FSFT,Delta,Tele,0.10019
18,FSFT,Delta,Post,0.04671
18,FSFT,Theta,Pre,0.54244
18,FSFT,Theta,Tele,0.49754
18,FSFT,Theta,Post,0.38961
18,FSFT,Alpha,Pre,0.41033
18,FSFT,Alpha,Tele,0.54269
18,FSFT,Alpha,Post,0.4976
18,FSFT,Beta,Pre,0.51143
18,FSFT,Beta,Tele,0.51863
18,FSFT,Beta,Post,0.43562
18,FSFT,Gamma,Pre,0.20124
18,FSFT,Gamma,Tele,0.22547
18,FSFT,Gamma,Post,0.18331
19,NSNT,Delta,Pre,0.040272
19,NSNT,Delta,Tele,0.053484
19,NSNT,Delta,Post,0.033765
19,NSNT,Theta,Pre,0.1837
19,NSNT,Theta,Tele,0.13406
19,NSNT,Theta,Post,0.24755
19,NSNT,Alpha,Pre,0.37493
19,NSNT,Alpha,Tele,0.35929
19,NSNT,Alpha,Post,0.4508
19,NSNT,Beta,Pre,0.6111
19,NSNT,Beta,Tele,0.59739
19,NSNT,Beta,Post,0.60445
19,NSNT,Gamma,Pre,0.32119
19,NSNT,Gamma,Tele,0.30975
19,NSNT,Gamma,Post,0.33593
19,NSFT,Delta,Pre,0.059534
19,NSFT,Delta,Tele,0.069071
19,NSFT,Delta,Post,0.095992
19,NSFT,Theta,Pre,0.19072
19,NSFT,Theta,Tele,0.20885
19,NSFT,Theta,Post,0.25085
19,NSFT,Alpha,Pre,0.36842
19,NSFT,Alpha,Tele,0.35258
19,NSFT,Alpha,Post,0.44697
19,NSFT,Beta,Pre,0.50208
19,NSFT,Beta,Tele,0.54595
19,NSFT,Beta,Post,0.55204
19,NSFT,Gamma,Pre,0.25674
19,NSFT,Gamma,Tele,0.2672
19,NSFT,Gamma,Post,0.27062
19,FSNT,Delta,Pre,0.042814
19,FSNT,Delta,Tele,0.05162
19,FSNT,Delta,Post,0.035675
19,FSNT,Theta,Pre,0.11789
19,FSNT,Theta,Tele,0.13991
19,FSNT,Theta,Post,0.23829
19,FSNT,Alpha,Pre,0.46254
19,FSNT,Alpha,Tele,0.40751
19,FSNT,Alpha,Post,0.49161
19,FSNT,Beta,Pre,0.60039
19,FSNT,Beta,Tele,0.55986
19,FSNT,Beta,Post,0.58938
19,FSNT,Gamma,Pre,0.2868
19,FSNT,Gamma,Tele,0.29481
19,FSNT,Gamma,Post,0.29793
19,FSFT,Delta,Pre,0.06031
19,FSFT,Delta,Tele,0.041241
19,FSFT,Delta,Post,0.039811
19,FSFT,Theta,Pre,0.16295
19,FSFT,Theta,Tele,0.18165
19,FSFT,Theta,Post,0.20521
19,FSFT,Alpha,Pre,0.38059
19,FSFT,Alpha,Tele,0.36266
19,FSFT,Alpha,Post,0.35616
19,FSFT,Beta,Pre,0.56009
19,FSFT,Beta,Tele,0.54484
19,FSFT,Beta,Post,0.50119
19,FSFT,Gamma,Pre,0.28997
19,FSFT,Gamma,Tele,0.2599
19,FSFT,Gamma,Post,0.30142
20,NSNT,Delta,Pre,0.064701
20,NSNT,Delta,Tele,0.035183
20,NSNT,Delta,Post,0.072873
20,NSNT,Theta,Pre,0.29328
20,NSNT,Theta,Tele,0.22055
20,NSNT,Theta,Post,0.30354
20,NSNT,Alpha,Pre,0.34738
20,NSNT,Alpha,Tele,0.33455
20,NSNT,Alpha,Post,0.53138
20,NSNT,Beta,Pre,0.39941
20,NSNT,Beta,Tele,0.44478
20,NSNT,Beta,Post,0.55412
20,NSNT,Gamma,Pre,0.18999
20,NSNT,Gamma,Tele,0.20914
20,NSNT,Gamma,Post,0.22563
20,NSFT,Delta,Pre,0.052025
20,NSFT,Delta,Tele,0.064697
20,NSFT,Delta,Post,0.022962
20,NSFT,Theta,Pre,0.29313
20,NSFT,Theta,Tele,0.25017
20,NSFT,Theta,Post,0.23255
20,NSFT,Alpha,Pre,0.28652
20,NSFT,Alpha,Tele,0.39454
20,NSFT,Alpha,Post,0.34247
20,NSFT,Beta,Pre,0.51221
20,NSFT,Beta,Tele,0.47854
20,NSFT,Beta,Post,0.47911
20,NSFT,Gamma,Pre,0.18887
20,NSFT,Gamma,Tele,0.20185
20,NSFT,Gamma,Post,0.22403
20,FSNT,Delta,Pre,0.044302
20,FSNT,Delta,Tele,0.028359
20,FSNT,Delta,Post,0.045616
20,FSNT,Theta,Pre,0.29116
20,FSNT,Theta,Tele,0.30402
20,FSNT,Theta,Post,0.26684
20,FSNT,Alpha,Pre,0.33161
20,FSNT,Alpha,Tele,0.36089
20,FSNT,Alpha,Post,0.37224
20,FSNT,Beta,Pre,0.43237
20,FSNT,Beta,Tele,0.46934
20,FSNT,Beta,Post,0.49181
20,FSNT,Gamma,Pre,0.21417
20,FSNT,Gamma,Tele,0.21067
20,FSNT,Gamma,Post,0.24138
20,FSFT,Delta,Pre,0.043817
20,FSFT,Delta,Tele,0.044603
20,FSFT,Delta,Post,0.077803
20,FSFT,Theta,Pre,0.32919
20,FSFT,Theta,Tele,0.3384
20,FSFT,Theta,Post,0.35594
20,FSFT,Alpha,Pre,0.35902
20,FSFT,Alpha,Tele,0.39616
20,FSFT,Alpha,Post,0.41816
20,FSFT,Beta,Pre,0.40188
20,FSFT,Beta,Tele,0.45339
20,FSFT,Beta,Post,0.46963
20,FSFT,Gamma,Pre,0.20335
20,FSFT,Gamma,Tele,0.19489
20,FSFT,Gamma,Post,0.19603
21,NSNT,Delta,Pre,0.068824
21,NSNT,Delta,Tele,0.074947
21,NSNT,Delta,Post,0.059438
21,NSNT,Theta,Pre,0.34504
21,NSNT,Theta,Tele,0.27623
21,NSNT,Theta,Post,0.30588
21,NSNT,Alpha,Pre,0.38902
21,NSNT,Alpha,Tele,0.36129
21,NSNT,Alpha,Post,0.4141
21,NSNT,Beta,Pre,0.43987
21,NSNT,Beta,Tele,0.42952
21,NSNT,Beta,Post,0.43056
21,NSNT,Gamma,Pre,0.37169
21,NSNT,Gamma,Tele,0.35822
21,NSNT,Gamma,Post,0.36779
21,NSFT,Delta,Pre,0.070269
21,NSFT,Delta,Tele,0.082489
21,NSFT,Delta,Post,0.076089
21,NSFT,Theta,Pre,0.32373
21,NSFT,Theta,Tele,0.30603
21,NSFT,Theta,Post,0.27838
21,NSFT,Alpha,Pre,0.37728
21,NSFT,Alpha,Tele,0.37295
21,NSFT,Alpha,Post,0.44873
21,NSFT,Beta,Pre,0.47266
21,NSFT,Beta,Tele,0.441
21,NSFT,Beta,Post,0.45075
21,NSFT,Gamma,Pre,0.37422
21,NSFT,Gamma,Tele,0.35815
21,NSFT,Gamma,Post,0.3515
21,FSNT,Delta,Pre,0.074327
21,FSNT,Delta,Tele,0.074964
21,FSNT,Delta,Post,0.11481
21,FSNT,Theta,Pre,0.24867
21,FSNT,Theta,Tele,0.29584
21,FSNT,Theta,Post,0.44839
21,FSNT,Alpha,Pre,0.30859
21,FSNT,Alpha,Tele,0.37337
21,FSNT,Alpha,Post,0.40802
21,FSNT,Beta,Pre,0.44872
21,FSNT,Beta,Tele,0.47164
21,FSNT,Beta,Post,0.51104
21,FSNT,Gamma,Pre,0.36733
21,FSNT,Gamma,Tele,0.36109
21,FSNT,Gamma,Post,0.3624
21,FSFT,Delta,Pre,0.046283
21,FSFT,Delta,Tele,0.062776
21,FSFT,Delta,Post,0.051592
21,FSFT,Theta,Pre,0.36461
21,FSFT,Theta,Tele,0.3645
21,FSFT,Theta,Post,0.34687
21,FSFT,Alpha,Pre,0.29705
21,FSFT,Alpha,Tele,0.37855
21,FSFT,Alpha,Post,0.38472
21,FSFT,Beta,Pre,0.44524
21,FSFT,Beta,Tele,0.35748
21,FSFT,Beta,Post,0.4364
21,FSFT,Gamma,Pre,0.35084
21,FSFT,Gamma,Tele,0.33403
21,FSFT,Gamma,Post,0.34391
22,NSNT,Delta,Pre,0.03325
22,NSNT,Delta,Tele,0.027939
22,NSNT,Delta,Post,0.012806
22,NSNT,Theta,Pre,0.14713
22,NSNT,Theta,Tele,0.080493
22,NSNT,Theta,Post,0.064964
22,NSNT,Alpha,Pre,0.20612
22,NSNT,Alpha,Tele,0.16359
22,NSNT,Alpha,Post,0.025999
22,NSNT,Beta,Pre,0.16025
22,NSNT,Beta,Tele,0.18666
22,NSNT,Beta,Post,0.16153
22,NSNT,Gamma,Pre,0.14838
22,NSNT,Gamma,Tele,0.13361
22,NSNT,Gamma,Post,0.14227
22,NSFT,Delta,Pre,0.062304
22,NSFT,Delta,Tele,0.062615
22,NSFT,Delta,Post,0.0049528
22,NSFT,Theta,Pre,0.19093
22,NSFT,Theta,Tele,0.15197
22,NSFT,Theta,Post,0.043325
22,NSFT,Alpha,Pre,0.26588
22,NSFT,Alpha,Tele,0.20693
22,NSFT,Alpha,Post,0.1983
22,NSFT,Beta,Pre,0.23668
22,NSFT,Beta,Tele,0.23991
22,NSFT,Beta,Post,0.20224
22,NSFT,Gamma,Pre,0.093072
22,NSFT,Gamma,Tele,0.12688
22,NSFT,Gamma,Post,0.13733
22,FSNT,Delta,Pre,0.0031648
22,FSNT,Delta,Tele,0.012118
22,FSNT,Delta,Post,0.013934
22,FSNT,Theta,Pre,0.15849
22,FSNT,Theta,Tele,0.11772
22,FSNT,Theta,Post,0.098296
22,FSNT,Alpha,Pre,0.13957
22,FSNT,Alpha,Tele,0.17602
22,FSNT,Alpha,Post,0.22546
22,FSNT,Beta,Pre,0.15957
22,FSNT,Beta,Tele,0.18024
22,FSNT,Beta,Post,0.13663
22,FSNT,Gamma,Pre,0.11167
22,FSNT,Gamma,Tele,0.12152
22,FSNT,Gamma,Post,0.14235
22,FSFT,Delta,Pre,0.029428
22,FSFT,Delta,Tele,0.044078
22,FSFT,Delta,Post,0.022907
22,FSFT,Theta,Pre,0.18843
22,FSFT,Theta,Tele,0.21427
22,FSFT,Theta,Post,0.1243
22,FSFT,Alpha,Pre,0.2358
22,FSFT,Alpha,Tele,0.27086
22,FSFT,Alpha,Post,0.18582
22,FSFT,Beta,Pre,0.1969
22,FSFT,Beta,Tele,0.25433
22,FSFT,Beta,Post,0.0963
22,FSFT,Gamma,Pre,0.10326
22,FSFT,Gamma,Tele,0.14219
22,FSFT,Gamma,Post,0.11007
23,NSNT,Delta,Pre,0.045193
23,NSNT,Delta,Tele,0.017885
23,NSNT,Delta,Post,0.017209
23,NSNT,Theta,Pre,0.15283
23,NSNT,Theta,Tele,0.055767
23,NSNT,Theta,Post,0.14036
23,NSNT,Alpha,Pre,0.26643
23,NSNT,Alpha,Tele,0.13775
23,NSNT,Alpha,Post,0.056472
23,NSNT,Beta,Pre,0.15013
23,NSNT,Beta,Tele,0.17832
23,NSNT,Beta,Post,0.13887
23,NSNT,Gamma,Pre,0.13744
23,NSNT,Gamma,Tele,0.13734
23,NSNT,Gamma,Post,0.13171
23,NSFT,Delta,Pre,0.081977
23,NSFT,Delta,Tele,0.078977
23,NSFT,Delta,Post,0.020282
23,NSFT,Theta,Pre,0.18349
23,NSFT,Theta,Tele,0.1651
23,NSFT,Theta,Post,0.065612
23,NSFT,Alpha,Pre,0.23604
23,NSFT,Alpha,Tele,0.19876
23,NSFT,Alpha,Post,0.18673
23,NSFT,Beta,Pre,0.18445
23,NSFT,Beta,Tele,0.19539
23,NSFT,Beta,Post,0.11759
23,NSFT,Gamma,Pre,0.11065
23,NSFT,Gamma,Tele,0.12188
23,NSFT,Gamma,Post,0.11947
23,FSNT,Delta,Pre,0.012623
23,FSNT,Delta,Tele,0.019695
23,FSNT,Delta,Post,0.0069399
23,FSNT,Theta,Pre,0.1781
23,FSNT,Theta,Tele,0.15647
23,FSNT,Theta,Post,0.051981
23,FSNT,Alpha,Pre,0.17944
23,FSNT,Alpha,Tele,0.13893
23,FSNT,Alpha,Post,0.2036
23,FSNT,Beta,Pre,0.13434
23,FSNT,Beta,Tele,0.14254
23,FSNT,Beta,Post,0.12511
23,FSNT,Gamma,Pre,0.12083
23,FSNT,Gamma,Tele,0.12521
23,FSNT,Gamma,Post,0.142
23,FSFT,Delta,Pre,0.022385
23,FSFT,Delta,Tele,0.035778
23,FSFT,Delta,Post,0.022577
23,FSFT,Theta,Pre,0.22601
23,FSFT,Theta,Tele,0.24485
23,FSFT,Theta,Post,0.16384
23,FSFT,Alpha,Pre,0.20534
23,FSFT,Alpha,Tele,0.23324
23,FSFT,Alpha,Post,0.22011
23,FSFT,Beta,Pre,0.19249
23,FSFT,Beta,Tele,0.24398
23,FSFT,Beta,Post,0.08218
23,FSFT,Gamma,Pre,0.09067
23,FSFT,Gamma,Tele,0.12206
23,FSFT,Gamma,Post,0.13729
24,NSNT,Delta,Pre,0.042163
24,NSNT,Delta,Tele,0.011598
24,NSNT,Delta,Post,0.018405
24,NSNT,Theta,Pre,0.23654
24,NSNT,Theta,Tele,0.17483
24,NSNT,Theta,Post,0.19241
24,NSNT,Alpha,Pre,0.29897
24,NSNT,Alpha,Tele,0.24652
24,NSNT,Alpha,Post,0.20223
24,NSNT,Beta,Pre,0.11738
24,NSNT,Beta,Tele,0.152
24,NSNT,Beta,Post,0.092508
24,NSNT,Gamma,Pre,0.066787
24,NSNT,Gamma,Tele,0.06696
24,NSNT,Gamma,Post,0.052355
24,NSFT,Delta,Pre,0.0794
24,NSFT,Delta,Tele,0.074586
24,NSFT,Delta,Post,0.02817
24,NSFT,Theta,Pre,0.26006
24,NSFT,Theta,Tele,0.2798
24,NSFT,Theta,Post,0.19651
24,NSFT,Alpha,Pre,0.25742
24,NSFT,Alpha,Tele,0.21273
24,NSFT,Alpha,Post,0.17221
24,NSFT,Beta,Pre,0.13606
24,NSFT,Beta,Tele,0.13452
24,NSFT,Beta,Post,0.081561
24,NSFT,Gamma,Pre,0.056446
24,NSFT,Gamma,Tele,0.068276
24,NSFT,Gamma,Post,0.072852
24,FSNT,Delta,Pre,0.037055
24,FSNT,Delta,Tele,0.027247
24,FSNT,Delta,Post,0.013391
24,FSNT,Theta,Pre,0.34106
24,FSNT,Theta,Tele,0.34182
24,FSNT,Theta,Post,0.16418
24,FSNT,Alpha,Pre,0.20182
24,FSNT,Alpha,Tele,0.20203
24,FSNT,Alpha,Post,0.24772
24,FSNT,Beta,Pre,0.11719
24,FSNT,Beta,Tele,0.10961
24,FSNT,Beta,Post,0.11412
24,FSNT,Gamma,Pre,0.071585
24,FSNT,Gamma,Tele,0.075402
24,FSNT,Gamma,Post,0.075135
24,FSFT,Delta,Pre,0.029997
24,FSFT,Delta,Tele,0.047401
24,FSFT,Delta,Post,0.053836
24,FSFT,Theta,Pre,0.38932
24,FSFT,Theta,Tele,0.32104
24,FSFT,Theta,Post,0.3111
24,FSFT,Alpha,Pre,0.24927
24,FSFT,Alpha,Tele,0.27524
24,FSFT,Alpha,Post,0.16512
24,FSFT,Beta,Pre,0.14607
24,FSFT,Beta,Tele,0.21078
24,FSFT,Beta,Post,0.078806
24,FSFT,Gamma,Pre,0.058683
24,FSFT,Gamma,Tele,0.074263
24,FSFT,Gamma,Post,0.079146
25,NSNT,Delta,Pre,0.020322
25,NSNT,Delta,Tele,0.022933
25,NSNT,Delta,Post,0.028298
25,NSNT,Theta,Pre,0.12373
25,NSNT,Theta,Tele,0.10835
25,NSNT,Theta,Post,0.10716
25,NSNT,Alpha,Pre,0.28202
25,NSNT,Alpha,Tele,0.084809
25,NSNT,Alpha,Post,0.072617
25,NSNT,Beta,Pre,0.26321
25,NSNT,Beta,Tele,0.25914
25,NSNT,Beta,Post,0.19976
25,NSNT,Gamma,Pre,0.11835
25,NSNT,Gamma,Tele,0.13205
25,NSNT,Gamma,Post,0.1381
25,NSFT,Delta,Pre,0.043053
25,NSFT,Delta,Tele,0.035097
25,NSFT,Delta,Post,0.0095552
25,NSFT,Theta,Pre,0.18745
25,NSFT,Theta,Tele,0.15324
25,NSFT,Theta,Post,0.16058
25,NSFT,Alpha,Pre,0.11696
25,NSFT,Alpha,Tele,0.1277
25,NSFT,Alpha,Post,0.077191
25,NSFT,Beta,Pre,0.24402
25,NSFT,Beta,Tele,0.27802
25,NSFT,Beta,Post,0.27341
25,NSFT,Gamma,Pre,0.12545
25,NSFT,Gamma,Tele,0.11842
25,NSFT,Gamma,Post,0.11949
25,FSNT,Delta,Pre,0.050492
25,FSNT,Delta,Tele,0.0033635
25,FSNT,Delta,Post,0.022269
25,FSNT,Theta,Pre,0.10506
25,FSNT,Theta,Tele,0.16444
25,FSNT,Theta,Post,0.01855
25,FSNT,Alpha,Pre,0.074463
25,FSNT,Alpha,Tele,0.094613
25,FSNT,Alpha,Post,0.017694
25,FSNT,Beta,Pre,0.22321
25,FSNT,Beta,Tele,0.27126
25,FSNT,Beta,Post,0.2743
25,FSNT,Gamma,Pre,0.13904
25,FSNT,Gamma,Tele,0.11946
25,FSNT,Gamma,Post,0.12711
25,FSFT,Delta,Pre,0.04824
25,FSFT,Delta,Tele,0.077557
25,FSFT,Delta,Post,0.027476
25,FSFT,Theta,Pre,0.17347
25,FSFT,Theta,Tele,0.21794
25,FSFT,Theta,Post,0.14156
25,FSFT,Alpha,Pre,0.14176
25,FSFT,Alpha,Tele,0.26605
25,FSFT,Alpha,Post,0.17986
25,FSFT,Beta,Pre,0.29495
25,FSFT,Beta,Tele,0.3321
25,FSFT,Beta,Post,0.19039
25,FSFT,Gamma,Pre,0.11864
25,FSFT,Gamma,Tele,0.11593
25,FSFT,Gamma,Post,0.12137
26,NSNT,Delta,Pre,0.0164
26,NSNT,Delta,Tele,0.01766
26,NSNT,Delta,Post,0.031591
26,NSNT,Theta,Pre,0.14314
26,NSNT,Theta,Tele,0.086801
26,NSNT,Theta,Post,0.10751
26,NSNT,Alpha,Pre,0.29674
26,NSNT,Alpha,Tele,0.16392
26,NSNT,Alpha,Post,0.086944
26,NSNT,Beta,Pre,0.20668
26,NSNT,Beta,Tele,0.21706
26,NSNT,Beta,Post,0.23896
26,NSNT,Gamma,Pre,0.14867
26,NSNT,Gamma,Tele,0.13869
26,NSNT,Gamma,Post,0.13871
26,NSFT,Delta,Pre,0.088536
26,NSFT,Delta,Tele,0.049924
26,NSFT,Delta,Post,0.011766
26,NSFT,Theta,Pre,0.2105
26,NSFT,Theta,Tele,0.14304
26,NSFT,Theta,Post,0.09021
26,NSFT,Alpha,Pre,0.19774
26,NSFT,Alpha,Tele,0.16759
26,NSFT,Alpha,Post,0.11997
26,NSFT,Beta,Pre,0.22126
26,NSFT,Beta,Tele,0.23971
26,NSFT,Beta,Post,0.17819
26,NSFT,Gamma,Pre,0.13052
26,NSFT,Gamma,Tele,0.13668
26,NSFT,Gamma,Post,0.13487
26,FSNT,Delta,Pre,0.0076859
26,FSNT,Delta,Tele,0.0083129
26,FSNT,Delta,Post,0.0036965
26,FSNT,Theta,Pre,0.071126
26,FSNT,Theta,Tele,0.11494
26,FSNT,Theta,Post,0.030129
26,FSNT,Alpha,Pre,0.11019
26,FSNT,Alpha,Tele,0.16048
26,FSNT,Alpha,Post,0.12353
26,FSNT,Beta,Pre,0.20892
26,FSNT,Beta,Tele,0.26862
26,FSNT,Beta,Post,0.15003
26,FSNT,Gamma,Pre,0.11972
26,FSNT,Gamma,Tele,0.12732
26,FSNT,Gamma,Post,0.14919
26,FSFT,Delta,Pre,0.041686
26,FSFT,Delta,Tele,0.057023
26,FSFT,Delta,Post,0.037765
26,FSFT,Theta,Pre,0.17049
26,FSFT,Theta,Tele,0.21166
26,FSFT,Theta,Post,0.098129
26,FSFT,Alpha,Pre,0.076882
26,FSFT,Alpha,Tele,0.24374
26,FSFT,Alpha,Post,0.12839
26,FSFT,Beta,Pre,0.28713
26,FSFT,Beta,Tele,0.30674
26,FSFT,Beta,Post,0.19439
26,FSFT,Gamma,Pre,0.14877
26,FSFT,Gamma,Tele,0.14117
26,FSFT,Gamma,Post,0.12521
27,NSNT,Delta,Pre,0.011331
27,NSNT,Delta,Tele,0.0025213
27,NSNT,Delta,Post,0.014273
27,NSNT,Theta,Pre,0.30713
27,NSNT,Theta,Tele,0.1895
27,NSNT,Theta,Post,0.12334
27,NSNT,Alpha,Pre,0.37591
27,NSNT,Alpha,Tele,0.37623
27,NSNT,Alpha,Post,0.26531
27,NSNT,Beta,Pre,0.23474
27,NSNT,Beta,Tele,0.2417
27,NSNT,Beta,Post,0.11637
27,NSNT,Gamma,Pre,0.10483
27,NSNT,Gamma,Tele,0.13888
27,NSNT,Gamma,Post,0.11489
27,NSFT,Delta,Pre,0.053129
27,NSFT,Delta,Tele,0.042707
27,NSFT,Delta,Post,0.0073325
27,NSFT,Theta,Pre,0.27728
27,NSFT,Theta,Tele,0.19117
27,NSFT,Theta,Post,0.067705
27,NSFT,Alpha,Pre,0.27359
27,NSFT,Alpha,Tele,0.27878
27,NSFT,Alpha,Post,0.28354
27,NSFT,Beta,Pre,0.23546
27,NSFT,Beta,Tele,0.21693
27,NSFT,Beta,Post,0.1619
27,NSFT,Gamma,Pre,0.095143
27,NSFT,Gamma,Tele,0.10689
27,NSFT,Gamma,Post,0.10294
27,FSNT,Delta,Pre,0.00094039
27,FSNT,Delta,Tele,0.012859
27,FSNT,Delta,Post,0
27,FSNT,Theta,Pre,0.17875
27,FSNT,Theta,Tele,0.17152
27,FSNT,Theta,Post,0.09536
27,FSNT,Alpha,Pre,0.30615
27,FSNT,Alpha,Tele,0.32424
27,FSNT,Alpha,Post,0.2235
27,FSNT,Beta,Pre,0.20664
27,FSNT,Beta,Tele,0.22602
27,FSNT,Beta,Post,0.20965
27,FSNT,Gamma,Pre,0.090746
27,FSNT,Gamma,Tele,0.10822
27,FSNT,Gamma,Post,0.12769
27,FSFT,Delta,Pre,0.019452
27,FSFT,Delta,Tele,0.045584
27,FSFT,Delta,Post,0.026432
27,FSFT,Theta,Pre,0.27418
27,FSFT,Theta,Tele,0.27826
27,FSFT,Theta,Post,0.1297
27,FSFT,Alpha,Pre,0.28371
27,FSFT,Alpha,Tele,0.38344
27,FSFT,Alpha,Post,0.30773
27,FSFT,Beta,Pre,0.26024
27,FSFT,Beta,Tele,0.2755
27,FSFT,Beta,Post,0.13413
27,FSFT,Gamma,Pre,0.075564
27,FSFT,Gamma,Tele,0.10162
27,FSFT,Gamma,Post,0.10342
28,NSNT,Delta,Pre,0.050874
28,NSNT,Delta,Tele,0.047109
28,NSNT,Delta,Post,0.020253
28,NSNT,Theta,Pre,0.35376
28,NSNT,Theta,Tele,0.24468
28,NSNT,Theta,Post,0.18808
28,NSNT,Alpha,Pre,0.30615
28,NSNT,Alpha,Tele,0.26036
28,NSNT,Alpha,Post,0.11406
28,NSNT,Beta,Pre,0.21521
28,NSNT,Beta,Tele,0.23775
28,NSNT,Beta,Post,0.13517
28,NSNT,Gamma,Pre,0.14627
28,NSNT,Gamma,Tele,0.12812
28,NSNT,Gamma,Post,0.14925
28,NSFT,Delta,Pre,0.10785
28,NSFT,Delta,Tele,0.11071
28,NSFT,Delta,Post,0.040129
28,NSFT,Theta,Pre,0.39985
28,NSFT,Theta,Tele,0.30224
28,NSFT,Theta,Post,0.2204
28,NSFT,Alpha,Pre,0.34661
28,NSFT,Alpha,Tele,0.28848
28,NSFT,Alpha,Post,0.33181
28,NSFT,Beta,Pre,0.25469
28,NSFT,Beta,Tele,0.27354
28,NSFT,Beta,Post,0.15105
28,NSFT,Gamma,Pre,0.14854
28,NSFT,Gamma,Tele,0.13686
28,NSFT,Gamma,Post,0.1342
28,FSNT,Delta,Pre,0.035355
28,FSNT,Delta,Tele,0.02554
28,FSNT,Delta,Post,0.03017
28,FSNT,Theta,Pre,0.21069
28,FSNT,Theta,Tele,0.27737
28,FSNT,Theta,Post,0.20507
28,FSNT,Alpha,Pre,0.33789
28,FSNT,Alpha,Tele,0.24194
28,FSNT,Alpha,Post,0.22847
28,FSNT,Beta,Pre,0.22262
28,FSNT,Beta,Tele,0.20711
28,FSNT,Beta,Post,0.17342
28,FSNT,Gamma,Pre,0.10661
28,FSNT,Gamma,Tele,0.12795
28,FSNT,Gamma,Post,0.135
28,FSFT,Delta,Pre,0.084813
28,FSFT,Delta,Tele,0.088519
28,FSFT,Delta,Post,0.032487
28,FSFT,Theta,Pre,0.30327
28,FSFT,Theta,Tele,0.31914
28,FSFT,Theta,Post,0.30925
28,FSFT,Alpha,Pre,0.40366
28,FSFT,Alpha,Tele,0.22942
28,FSFT,Alpha,Post,0.24026
28,FSFT,Beta,Pre,0.21296
28,FSFT,Beta,Tele,0.22138
28,FSFT,Beta,Post,0.15303
28,FSFT,Gamma,Pre,0.11953
28,FSFT,Gamma,Tele,0.12568
28,FSFT,Gamma,Post,0.12457
29,NSNT,Delta,Pre,0.037652
29,NSNT,Delta,Tele,0.041623
29,NSNT,Delta,Post,0.040801
29,NSNT,Theta,Pre,0.46976
29,NSNT,Theta,Tele,0.27476
29,NSNT,Theta,Post,0.15685
29,NSNT,Alpha,Pre,0.12113
29,NSNT,Alpha,Tele,0.2227
29,NSNT,Alpha,Post,0.096799
29,NSNT,Beta,Pre,0.19754
29,NSNT,Beta,Tele,0.20674
29,NSNT,Beta,Post,0.14124
29,NSNT,Gamma,Pre,0.14224
29,NSNT,Gamma,Tele,0.13038
29,NSNT,Gamma,Post,0.12758
29,NSFT,Delta,Pre,0.10296
29,NSFT,Delta,Tele,0.098625
29,NSFT,Delta,Post,0.029125
29,NSFT,Theta,Pre,0.38306
29,NSFT,Theta,Tele,0.24474
29,NSFT,Theta,Post,0.2297
29,NSFT,Alpha,Pre,0.2677
29,NSFT,Alpha,Tele,0.22614
29,NSFT,Alpha,Post,0.19325
29,NSFT,Beta,Pre,0.2316
29,NSFT,Beta,Tele,0.26262
29,NSFT,Beta,Post,0.13794
29,NSFT,Gamma,Pre,0.13778
29,NSFT,Gamma,Tele,0.13669
29,NSFT,Gamma,Post,0.15006
29,FSNT,Delta,Pre,0.054055
29,FSNT,Delta,Tele,0.039544
29,FSNT,Delta,Post,0.036077
29,FSNT,Theta,Pre,0.15955
29,FSNT,Theta,Tele,0.23899
29,FSNT,Theta,Post,0.19366
29,FSNT,Alpha,Pre,0.23503
29,FSNT,Alpha,Tele,0.2092
29,FSNT,Alpha,Post,0.10967
29,FSNT,Beta,Pre,0.17607
29,FSNT,Beta,Tele,0.18192
29,FSNT,Beta,Post,0.19044
29,FSNT,Gamma,Pre,0.12596
29,FSNT,Gamma,Tele,0.12262
29,FSNT,Gamma,Post,0.15131
29,FSFT,Delta,Pre,0.076251
29,FSFT,Delta,Tele,0.07707
29,FSFT,Delta,Post,0.027041
29,FSFT,Theta,Pre,0.23961
29,FSFT,Theta,Tele,0.32931
29,FSFT,Theta,Post,0.26216
29,FSFT,Alpha,Pre,0.25312
29,FSFT,Alpha,Tele,0.22248
29,FSFT,Alpha,Post,0.16963
29,FSFT,Beta,Pre,0.17071
29,FSFT,Beta,Tele,0.21132
29,FSFT,Beta,Post,0.1574
29,FSFT,Gamma,Pre,0.11321
29,FSFT,Gamma,Tele,0.12944
29,FSFT,Gamma,Post,0.1396
30,NSNT,Delta,Pre,0.0235
30,NSNT,Delta,Tele,0.029976
30,NSNT,Delta,Post,0.0082161
30,NSNT,Theta,Pre,0.12561
30,NSNT,Theta,Tele,0.13509
30,NSNT,Theta,Post,0.054795
30,NSNT,Alpha,Pre,0.20358
30,NSNT,Alpha,Tele,0.19791
30,NSNT,Alpha,Post,0.10022
30,NSNT,Beta,Pre,0.13591
30,NSNT,Beta,Tele,0.18327
30,NSNT,Beta,Post,0.10816
30,NSNT,Gamma,Pre,0.16174
30,NSNT,Gamma,Tele,0.13592
30,NSNT,Gamma,Post,0.15879
30,NSFT,Delta,Pre,0.092415
30,NSFT,Delta,Tele,0.082259
30,NSFT,Delta,Post,0.040262
30,NSFT,Theta,Pre,0.24898
30,NSFT,Theta,Tele,0.18527
30,NSFT,Theta,Post,0.079528
30,NSFT,Alpha,Pre,0.26756
30,NSFT,Alpha,Tele,0.23686
30,NSFT,Alpha,Post,0.10421
30,NSFT,Beta,Pre,0.169
30,NSFT,Beta,Tele,0.18054
30,NSFT,Beta,Post,0.13525
30,NSFT,Gamma,Pre,0.11976
30,NSFT,Gamma,Tele,0.13867
30,NSFT,Gamma,Post,0.12983
30,FSNT,Delta,Pre,0.010634
30,FSNT,Delta,Tele,0.0079676
30,FSNT,Delta,Post,0.0092593
30,FSNT,Theta,Pre,0.11251
30,FSNT,Theta,Tele,0.067838
30,FSNT,Theta,Post,0.023157
30,FSNT,Alpha,Pre,0.21102
30,FSNT,Alpha,Tele,0.1471
30,FSNT,Alpha,Post,0.11954
30,FSNT,Beta,Pre,0.14069
30,FSNT,Beta,Tele,0.12055
30,FSNT,Beta,Post,0.15108
30,FSNT,Gamma,Pre,0.095733
30,FSNT,Gamma,Tele,0.126
30,FSNT,Gamma,Post,0.1302
30,FSFT,Delta,Pre,0.070931
30,FSFT,Delta,Tele,0.04836
30,FSFT,Delta,Post,0.020024
30,FSFT,Theta,Pre,0.17793
30,FSFT,Theta,Tele,0.15982
30,FSFT,Theta,Post,0.073964
30,FSFT,Alpha,Pre,0.35591
30,FSFT,Alpha,Tele,0.20323
30,FSFT,Alpha,Post,0.091131
30,FSFT,Beta,Pre,0.12735
30,FSFT,Beta,Tele,0.15322
30,FSFT,Beta,Post,0.11031
30,FSFT,Gamma,Pre,0.11508
30,FSFT,Gamma,Tele,0.12245
30,FSFT,Gamma,Post,0.11988
31,NSNT,Delta,Pre,0.042736
31,NSNT,Delta,Tele,0.033292
31,NSNT,Delta,Post,0.017877
31,NSNT,Theta,Pre,0.23216
31,NSNT,Theta,Tele,0.19876
31,NSNT,Theta,Post,0.13187
31,NSNT,Alpha,Pre,0.16033
31,NSNT,Alpha,Tele,0.19288
31,NSNT,Alpha,Post,0.076181
31,NSNT,Beta,Pre,0.24916
31,NSNT,Beta,Tele,0.25671
31,NSNT,Beta,Post,0.1513
31,NSNT,Gamma,Pre,0.15119
31,NSNT,Gamma,Tele,0.11234
31,NSNT,Gamma,Post,0.12976
31,NSFT,Delta,Pre,0.11433
31,NSFT,Delta,Tele,0.095338
31,NSFT,Delta,Post,0.040431
31,NSFT,Theta,Pre,0.32163
31,NSFT,Theta,Tele,0.23625
31,NSFT,Theta,Post,0.13261
31,NSFT,Alpha,Pre,0.21018
31,NSFT,Alpha,Tele,0.25959
31,NSFT,Alpha,Post,0.15068
31,NSFT,Beta,Pre,0.20903
31,NSFT,Beta,Tele,0.26565
31,NSFT,Beta,Post,0.16149
31,NSFT,Gamma,Pre,0.12343
31,NSFT,Gamma,Tele,0.12851
31,NSFT,Gamma,Post,0.11222
31,FSNT,Delta,Pre,0.029152
31,FSNT,Delta,Tele,0.015699
31,FSNT,Delta,Post,0.067551
31,FSNT,Theta,Pre,0.16634
31,FSNT,Theta,Tele,0.11825
31,FSNT,Theta,Post,0.16002
31,FSNT,Alpha,Pre,0.17277
31,FSNT,Alpha,Tele,0.15225
31,FSNT,Alpha,Post,0.12239
31,FSNT,Beta,Pre,0.16045
31,FSNT,Beta,Tele,0.15452
31,FSNT,Beta,Post,0.20509
31,FSNT,Gamma,Pre,0.11503
31,FSNT,Gamma,Tele,0.11021
31,FSNT,Gamma,Post,0.12793
31,FSFT,Delta,Pre,0.066919
31,FSFT,Delta,Tele,0.066352
31,FSFT,Delta,Post,0.020499
31,FSFT,Theta,Pre,0.19654
31,FSFT,Theta,Tele,0.26099
31,FSFT,Theta,Post,0.13897
31,FSFT,Alpha,Pre,0.25212
31,FSFT,Alpha,Tele,0.23662
31,FSFT,Alpha,Post,0.15925
31,FSFT,Beta,Pre,0.14686
31,FSFT,Beta,Tele,0.18451
31,FSFT,Beta,Post,0.19075
31,FSFT,Gamma,Pre,0.082403
31,FSFT,Gamma,Tele,0.10132
31,FSFT,Gamma,Post,0.12589
32,NSNT,Delta,Pre,0.045867
32,NSNT,Delta,Tele,0.032371
32,NSNT,Delta,Post,0.014429
32,NSNT,Theta,Pre,0.10552
32,NSNT,Theta,Tele,0.11163
32,NSNT,Theta,Post,0.12465
32,NSNT,Alpha,Pre,0.15329
32,NSNT,Alpha,Tele,0.15026
32,NSNT,Alpha,Post,0.13108
32,NSNT,Beta,Pre,0.13098
32,NSNT,Beta,Tele,0.19053
32,NSNT,Beta,Post,0.073274
32,NSNT,Gamma,Pre,0.16732
32,NSNT,Gamma,Tele,0.13011
32,NSNT,Gamma,Post,0.15594
32,NSFT,Delta,Pre,0.083855
32,NSFT,Delta,Tele,0.073857
32,NSFT,Delta,Post,0.054493
32,NSFT,Theta,Pre,0.2439
32,NSFT,Theta,Tele,0.21569
32,NSFT,Theta,Post,0.11557
32,NSFT,Alpha,Pre,0.14526
32,NSFT,Alpha,Tele,0.19523
32,NSFT,Alpha,Post,0.07257
32,NSFT,Beta,Pre,0.20229
32,NSFT,Beta,Tele,0.18897
32,NSFT,Beta,Post,0.14001
32,NSFT,Gamma,Pre,0.13633
32,NSFT,Gamma,Tele,0.14666
32,NSFT,Gamma,Post,0.13285
32,FSNT,Delta,Pre,0.02011
32,FSNT,Delta,Tele,0.032855
32,FSNT,Delta,Post,0.052185
32,FSNT,Theta,Pre,0.087321
32,FSNT,Theta,Tele,0.089117
32,FSNT,Theta,Post,0.10258
32,FSNT,Alpha,Pre,0.18213
32,FSNT,Alpha,Tele,0.12863
32,FSNT,Alpha,Post,0.12565
32,FSNT,Beta,Pre,0.15563
32,FSNT,Beta,Tele,0.18596
32,FSNT,Beta,Post,0.17459
32,FSNT,Gamma,Pre,0.11899
32,FSNT,Gamma,Tele,0.13236
32,FSNT,Gamma,Post,0.13768
32,FSFT,Delta,Pre,0.052172
32,FSFT,Delta,Tele,0.061043
32,FSFT,Delta,Post,0.023157
32,FSFT,Theta,Pre,0.27234
32,FSFT,Theta,Tele,0.21641
32,FSFT,Theta,Post,0.11589
32,FSFT,Alpha,Pre,0.17433
32,FSFT,Alpha,Tele,0.18162
32,FSFT,Alpha,Post,0.10517
32,FSFT,Beta,Pre,0.15636
32,FSFT,Beta,Tele,0.19576
32,FSFT,Beta,Post,0.13243
32,FSFT,Gamma,Pre,0.13607
32,FSFT,Gamma,Tele,0.13124
32,FSFT,Gamma,Post,0.11993
