Electrode,TrialType,FreqBand,TimePoint,Power
1,NSNT,deltaBand,Pre,1988044.0659
1,NSNT,thetaBand,Pre,3383.8076
1,NSNT,alphaBand,Pre,79.3343
1,NSNT,betaBand,Pre,1.7115
1,NSNT,gammaBand,Pre,0.0011772
2,NSNT,deltaBand,Pre,1895514.1288
2,NSNT,thetaBand,Pre,3634.4593
2,NSNT,alphaBand,Pre,98.687
2,NSNT,betaBand,Pre,2.2249
2,NSNT,gammaBand,Pre,0.0013887
3,NSNT,deltaBand,Pre,3382323.094
3,NSNT,thetaBand,Pre,1832.1471
3,NSNT,alphaBand,Pre,74.0011
3,NSNT,betaBand,Pre,4.6821
3,NSNT,gammaBand,Pre,0.0041556
4,NSNT,deltaBand,Pre,29194464.0467
4,NSNT,thetaBand,Pre,2252.91
4,NSNT,alphaBand,Pre,34.6955
4,NSNT,betaBand,Pre,1.2184
4,NSNT,gammaBand,Pre,0.0008315
5,NSNT,deltaBand,Pre,7566002.1077
5,NSNT,thetaBand,Pre,4727.4086
5,NSNT,alphaBand,Pre,73.8518
5,NSNT,betaBand,Pre,3.8395
5,NSNT,gammaBand,Pre,0.0054799
1,NSNT,deltaBand,Tele,2468330.2428
1,NSNT,thetaBand,Tele,3854.1022
1,NSNT,alphaBand,Tele,82.8433
1,NSNT,betaBand,Tele,2.1692
1,NSNT,gammaBand,Tele,0.0016104
2,NSNT,deltaBand,Tele,2736979.1779
2,NSNT,thetaBand,Tele,4013.0606
2,NSNT,alphaBand,Tele,95.541
2,NSNT,betaBand,Tele,3.0394
2,NSNT,gammaBand,Tele,0.0025366
3,NSNT,deltaBand,Tele,3562543.8303
3,NSNT,thetaBand,Tele,3629.859
3,NSNT,alphaBand,Tele,102.9596
3,NSNT,betaBand,Tele,7.1738
3,NSNT,gammaBand,Tele,0.0048794
4,NSNT,deltaBand,Tele,32781072.0462
4,NSNT,thetaBand,Tele,3005.4838
4,NSNT,alphaBand,Tele,46.1434
4,NSNT,betaBand,Tele,1.5648
4,NSNT,gammaBand,Tele,0.0009147
5,NSNT,deltaBand,Tele,6135244.6652
5,NSNT,thetaBand,Tele,4160.6617
5,NSNT,alphaBand,Tele,87.4058
5,NSNT,betaBand,Tele,3.956
5,NSNT,gammaBand,Tele,0.0052702
1,NSNT,deltaBand,Post,3058983.4392
1,NSNT,thetaBand,Post,4306.5037
1,NSNT,alphaBand,Post,81.9496
1,NSNT,betaBand,Post,2.4425
1,NSNT,gammaBand,Post,0.0013143
2,NSNT,deltaBand,Post,3132922.6468
2,NSNT,thetaBand,Post,4752.3425
2,NSNT,alphaBand,Post,104.5447
2,NSNT,betaBand,Post,3.4156
2,NSNT,gammaBand,Post,0.0017483
3,NSNT,deltaBand,Post,2077728.5613
3,NSNT,thetaBand,Post,4999.7576
3,NSNT,alphaBand,Post,156.7314
3,NSNT,betaBand,Post,7.6761
3,NSNT,gammaBand,Post,0.0059588
4,NSNT,deltaBand,Post,25820460.4048
4,NSNT,thetaBand,Post,2228.5867
4,NSNT,alphaBand,Post,40.6993
4,NSNT,betaBand,Post,1.4991
4,NSNT,gammaBand,Post,0.00093436
5,NSNT,deltaBand,Post,5998829.6898
5,NSNT,thetaBand,Post,5886.5917
5,NSNT,alphaBand,Post,94.2646
5,NSNT,betaBand,Post,4.538
5,NSNT,gammaBand,Post,0.0051036
1,NSFT,deltaBand,Pre,1713316.1494
1,NSFT,thetaBand,Pre,4671.345
1,NSFT,alphaBand,Pre,92.8319
1,NSFT,betaBand,Pre,2.2177
1,NSFT,gammaBand,Pre,0.0020893
2,NSFT,deltaBand,Pre,2074679.0811
2,NSFT,thetaBand,Pre,4648.5799
2,NSFT,alphaBand,Pre,98.9872
2,NSFT,betaBand,Pre,2.5502
2,NSFT,gammaBand,Pre,0.0024728
3,NSFT,deltaBand,Pre,2412037.1856
3,NSFT,thetaBand,Pre,2771.632
3,NSFT,alphaBand,Pre,114.5992
3,NSFT,betaBand,Pre,7.2093
3,NSFT,gammaBand,Pre,0.0061078
4,NSFT,deltaBand,Pre,25850176.2248
4,NSFT,thetaBand,Pre,2859.6891
4,NSFT,alphaBand,Pre,44.7485
4,NSFT,betaBand,Pre,2.0438
4,NSFT,gammaBand,Pre,0.0010243
5,NSFT,deltaBand,Pre,9850459.6282
5,NSFT,thetaBand,Pre,8435.6686
5,NSFT,alphaBand,Pre,283.8788
5,NSFT,betaBand,Pre,11.9151
5,NSFT,gammaBand,Pre,0.016998
1,NSFT,deltaBand,Tele,2272978.844
1,NSFT,thetaBand,Tele,3423.5225
1,NSFT,alphaBand,Tele,73.7321
1,NSFT,betaBand,Tele,1.6428
1,NSFT,gammaBand,Tele,0.0014486
2,NSFT,deltaBand,Tele,2477465.9917
2,NSFT,thetaBand,Tele,3453.9494
2,NSFT,alphaBand,Tele,85.8458
2,NSFT,betaBand,Tele,2.1282
2,NSFT,gammaBand,Tele,0.0017907
3,NSFT,deltaBand,Tele,4577985.1413
3,NSFT,thetaBand,Tele,2603.2023
3,NSFT,alphaBand,Tele,117.0384
3,NSFT,betaBand,Tele,6.7679
3,NSFT,gammaBand,Tele,0.0052134
4,NSFT,deltaBand,Tele,23579237.5024
4,NSFT,thetaBand,Tele,2954.17
4,NSFT,alphaBand,Tele,37.9667
4,NSFT,betaBand,Tele,1.4395
4,NSFT,gammaBand,Tele,0.00089359
5,NSFT,deltaBand,Tele,9162630.1219
5,NSFT,thetaBand,Tele,4925.8896
5,NSFT,alphaBand,Tele,84.4389
5,NSFT,betaBand,Tele,4.2546
5,NSFT,gammaBand,Tele,0.0068634
1,NSFT,deltaBand,Post,1479775.7014
1,NSFT,thetaBand,Post,2661.1176
1,NSFT,alphaBand,Post,65.2328
1,NSFT,betaBand,Post,1.3724
1,NSFT,gammaBand,Post,0.0012911
2,NSFT,deltaBand,Post,1479019.1592
2,NSFT,thetaBand,Post,2948.8578
2,NSFT,alphaBand,Post,76.4165
2,NSFT,betaBand,Post,1.7726
2,NSFT,gammaBand,Post,0.0013673
3,NSFT,deltaBand,Post,4161705.5225
3,NSFT,thetaBand,Post,2834.6853
3,NSFT,alphaBand,Post,133.3233
3,NSFT,betaBand,Post,6.2659
3,NSFT,gammaBand,Post,0.0051474
4,NSFT,deltaBand,Post,18891561.9087
4,NSFT,thetaBand,Post,2399.7777
4,NSFT,alphaBand,Post,30.6038
4,NSFT,betaBand,Post,1.32
4,NSFT,gammaBand,Post,0.00085771
5,NSFT,deltaBand,Post,7075228.4668
5,NSFT,thetaBand,Post,5016.3975
5,NSFT,alphaBand,Post,91.3463
5,NSFT,betaBand,Post,4.6048
5,NSFT,gammaBand,Post,0.0055025
1,FSNT,deltaBand,Pre,2119010.5383
1,FSNT,thetaBand,Pre,3118.2237
1,FSNT,alphaBand,Pre,72.5533
1,FSNT,betaBand,Pre,1.4983
1,FSNT,gammaBand,Pre,0.0012717
2,FSNT,deltaBand,Pre,2162420.6559
2,FSNT,thetaBand,Pre,3295.1556
2,FSNT,alphaBand,Pre,85.3635
2,FSNT,betaBand,Pre,1.8863
2,FSNT,gammaBand,Pre,0.0013968
3,FSNT,deltaBand,Pre,1831564.929
3,FSNT,thetaBand,Pre,1432.4322
3,FSNT,alphaBand,Pre,70.819
3,FSNT,betaBand,Pre,3.3697
3,FSNT,gammaBand,Pre,0.0038246
4,FSNT,deltaBand,Pre,23930675.0283
4,FSNT,thetaBand,Pre,2462.5449
4,FSNT,alphaBand,Pre,35.0105
4,FSNT,betaBand,Pre,1.1509
4,FSNT,gammaBand,Pre,0.00077253
5,FSNT,deltaBand,Pre,4656950.5527
5,FSNT,thetaBand,Pre,3547.8502
5,FSNT,alphaBand,Pre,84.7856
5,FSNT,betaBand,Pre,4.054
5,FSNT,gammaBand,Pre,0.0056769
1,FSNT,deltaBand,Tele,2285408.0326
1,FSNT,thetaBand,Tele,2938.8674
1,FSNT,alphaBand,Tele,70.5902
1,FSNT,betaBand,Tele,1.7448
1,FSNT,gammaBand,Tele,0.0013069
2,FSNT,deltaBand,Tele,2510429.7392
2,FSNT,thetaBand,Tele,3159.6612
2,FSNT,alphaBand,Tele,75.6427
2,FSNT,betaBand,Tele,2.3594
2,FSNT,gammaBand,Tele,0.0015404
3,FSNT,deltaBand,Tele,1882888.7403
3,FSNT,thetaBand,Tele,1916.7814
3,FSNT,alphaBand,Tele,72.1122
3,FSNT,betaBand,Tele,4.3815
3,FSNT,gammaBand,Tele,0.0041471
4,FSNT,deltaBand,Tele,23900954.3257
4,FSNT,thetaBand,Tele,2446.6506
4,FSNT,alphaBand,Tele,37.7507
4,FSNT,betaBand,Tele,1.3848
4,FSNT,gammaBand,Tele,0.00090262
5,FSNT,deltaBand,Tele,6557600.1133
5,FSNT,thetaBand,Tele,4940.4991
5,FSNT,alphaBand,Tele,81.6259
5,FSNT,betaBand,Tele,4.3581
5,FSNT,gammaBand,Tele,0.0056797
1,FSNT,deltaBand,Post,2812426.6017
1,FSNT,thetaBand,Post,2523.6598
1,FSNT,alphaBand,Post,63.0862
1,FSNT,betaBand,Post,1.4224
1,FSNT,gammaBand,Post,0.0014259
2,FSNT,deltaBand,Post,3091182.6612
2,FSNT,thetaBand,Post,2802.5874
2,FSNT,alphaBand,Post,70.1987
2,FSNT,betaBand,Post,1.6998
2,FSNT,gammaBand,Post,0.0014991
3,FSNT,deltaBand,Post,2017924.58
3,FSNT,thetaBand,Post,1362.4842
3,FSNT,alphaBand,Post,67.1312
3,FSNT,betaBand,Post,3.9488
3,FSNT,gammaBand,Post,0.0037182
4,FSNT,deltaBand,Post,25693069.3874
4,FSNT,thetaBand,Post,2582.5755
4,FSNT,alphaBand,Post,30.9379
4,FSNT,betaBand,Post,1.3606
4,FSNT,gammaBand,Post,0.00092891
5,FSNT,deltaBand,Post,8590170.0533
5,FSNT,thetaBand,Post,4762.1827
5,FSNT,alphaBand,Post,99.3655
5,FSNT,betaBand,Post,5.6864
5,FSNT,gammaBand,Post,0.0054514
1,FSFT,deltaBand,Pre,4471114.0075
1,FSFT,thetaBand,Pre,8138.0448
1,FSFT,alphaBand,Pre,99.3771
1,FSFT,betaBand,Pre,2.2567
1,FSFT,gammaBand,Pre,0.001759
2,FSFT,deltaBand,Pre,4577583.4319
2,FSFT,thetaBand,Pre,8466.7371
2,FSFT,alphaBand,Pre,101.1606
2,FSFT,betaBand,Pre,2.4601
2,FSFT,gammaBand,Pre,0.0021449
3,FSFT,deltaBand,Pre,1756449.2929
3,FSFT,thetaBand,Pre,1759.7252
3,FSFT,alphaBand,Pre,59.9939
3,FSFT,betaBand,Pre,3.8781
3,FSFT,gammaBand,Pre,0.0041189
4,FSFT,deltaBand,Pre,30375663.3419
4,FSFT,thetaBand,Pre,2688.0703
4,FSFT,alphaBand,Pre,34.2584
4,FSFT,betaBand,Pre,1.1538
4,FSFT,gammaBand,Pre,0.00083339
5,FSFT,deltaBand,Pre,5598701.8843
5,FSFT,thetaBand,Pre,5368.9948
5,FSFT,alphaBand,Pre,77.5291
5,FSFT,betaBand,Pre,3.957
5,FSFT,gammaBand,Pre,0.0053182
1,FSFT,deltaBand,Tele,2468174.0553
1,FSFT,thetaBand,Tele,3485.3939
1,FSFT,alphaBand,Tele,70.9649
1,FSFT,betaBand,Tele,1.8087
1,FSFT,gammaBand,Tele,0.0014208
2,FSFT,deltaBand,Tele,2883162.303
2,FSFT,thetaBand,Tele,3652.6955
2,FSFT,alphaBand,Tele,80.6031
2,FSFT,betaBand,Tele,2.3735
2,FSFT,gammaBand,Tele,0.0018169
3,FSFT,deltaBand,Tele,2622499.1918
3,FSFT,thetaBand,Tele,1915.0983
3,FSFT,alphaBand,Tele,73.0918
3,FSFT,betaBand,Tele,5.0491
3,FSFT,gammaBand,Tele,0.0045075
4,FSFT,deltaBand,Tele,25067525.2288
4,FSFT,thetaBand,Tele,2228.5385
4,FSFT,alphaBand,Tele,37.4971
4,FSFT,betaBand,Tele,1.4731
4,FSFT,gammaBand,Tele,0.0010573
5,FSFT,deltaBand,Tele,11263544.7432
5,FSFT,thetaBand,Tele,6039.0908
5,FSFT,alphaBand,Tele,175.7379
5,FSFT,betaBand,Tele,9.4678
5,FSFT,gammaBand,Tele,0.010595
1,FSFT,deltaBand,Post,2671134.6087
1,FSFT,thetaBand,Post,3689.1667
1,FSFT,alphaBand,Post,94.1478
1,FSFT,betaBand,Post,2.2855
1,FSFT,gammaBand,Post,0.0017194
2,FSFT,deltaBand,Post,2932849.1227
2,FSFT,thetaBand,Post,4039.0096
2,FSFT,alphaBand,Post,123.6775
2,FSFT,betaBand,Post,3.1047
2,FSFT,gammaBand,Post,0.0021116
3,FSFT,deltaBand,Post,2691189.3934
3,FSFT,thetaBand,Post,1406.8322
3,FSFT,alphaBand,Post,75.8824
3,FSFT,betaBand,Post,3.4221
3,FSFT,gammaBand,Post,0.0040439
4,FSFT,deltaBand,Post,24464857.7314
4,FSFT,thetaBand,Post,2275.5642
4,FSFT,alphaBand,Post,33.7089
4,FSFT,betaBand,Post,1.1398
4,FSFT,gammaBand,Post,0.00085078
5,FSFT,deltaBand,Post,9552688.2832
5,FSFT,thetaBand,Post,4298.9863
5,FSFT,alphaBand,Post,81.6644
5,FSFT,betaBand,Post,4.6485
5,FSFT,gammaBand,Post,0.0059197
6,NSNT,deltaBand,Pre,5925362.8316
6,NSNT,thetaBand,Pre,22488.1387
6,NSNT,alphaBand,Pre,370.8648
6,NSNT,betaBand,Pre,10.8243
6,NSNT,gammaBand,Pre,0.01537
7,NSNT,deltaBand,Pre,3751971.0524
7,NSNT,thetaBand,Pre,9961.7375
7,NSNT,alphaBand,Pre,167.0502
7,NSNT,betaBand,Pre,5.431
7,NSNT,gammaBand,Pre,0.011261
8,NSNT,deltaBand,Pre,9702487.2109
8,NSNT,thetaBand,Pre,9390.0915
8,NSNT,alphaBand,Pre,249.4838
8,NSNT,betaBand,Pre,7.3664
8,NSNT,gammaBand,Pre,0.0092227
9,NSNT,deltaBand,Pre,9345996.6565
9,NSNT,thetaBand,Pre,11337.8209
9,NSNT,alphaBand,Pre,224.5314
9,NSNT,betaBand,Pre,6.9683
9,NSNT,gammaBand,Pre,0.011222
10,NSNT,deltaBand,Pre,2925868.0578
10,NSNT,thetaBand,Pre,4040.8597
10,NSNT,alphaBand,Pre,80.4688
10,NSNT,betaBand,Pre,3.124
10,NSNT,gammaBand,Pre,0.0050268
11,NSNT,deltaBand,Pre,3884643.4777
11,NSNT,thetaBand,Pre,3651.004
11,NSNT,alphaBand,Pre,83.5512
11,NSNT,betaBand,Pre,4.3305
11,NSNT,gammaBand,Pre,0.0070408
12,NSNT,deltaBand,Pre,2118878.5876
12,NSNT,thetaBand,Pre,2057.9273
12,NSNT,alphaBand,Pre,52.9967
12,NSNT,betaBand,Pre,3.059
12,NSNT,gammaBand,Pre,0.0047579
13,NSNT,deltaBand,Pre,1646892.9274
13,NSNT,thetaBand,Pre,2114.7958
13,NSNT,alphaBand,Pre,35.7228
13,NSNT,betaBand,Pre,1.6274
13,NSNT,gammaBand,Pre,0.0015845
14,NSNT,deltaBand,Pre,4856077.0443
14,NSNT,thetaBand,Pre,4012.7258
14,NSNT,alphaBand,Pre,70.9412
14,NSNT,betaBand,Pre,4.0645
14,NSNT,gammaBand,Pre,0.0081705
15,NSNT,deltaBand,Pre,3379979.8947
15,NSNT,thetaBand,Pre,3671.4875
15,NSNT,alphaBand,Pre,69.799
15,NSNT,betaBand,Pre,4.1855
15,NSNT,gammaBand,Pre,0.010134
16,NSNT,deltaBand,Pre,1883456.5436
16,NSNT,thetaBand,Pre,3734.5447
16,NSNT,alphaBand,Pre,86.6196
16,NSNT,betaBand,Pre,4.3819
16,NSNT,gammaBand,Pre,0.0048753
6,NSNT,deltaBand,Tele,7347547.3369
6,NSNT,thetaBand,Tele,17003.1899
6,NSNT,alphaBand,Tele,267.0202
6,NSNT,betaBand,Tele,10.0856
6,NSNT,gammaBand,Tele,0.015785
7,NSNT,deltaBand,Tele,4799012.7469
7,NSNT,thetaBand,Tele,7857.3162
7,NSNT,alphaBand,Tele,139.9602
7,NSNT,betaBand,Tele,5.5044
7,NSNT,gammaBand,Tele,0.011343
8,NSNT,deltaBand,Tele,8705011.9229
8,NSNT,thetaBand,Tele,11096.357
8,NSNT,alphaBand,Tele,203.8286
8,NSNT,betaBand,Tele,7.3201
8,NSNT,gammaBand,Tele,0.0095973
9,NSNT,deltaBand,Tele,8960942.7279
9,NSNT,thetaBand,Tele,13433.4209
9,NSNT,alphaBand,Tele,188.1805
9,NSNT,betaBand,Tele,8.2932
9,NSNT,gammaBand,Tele,0.011846
10,NSNT,deltaBand,Tele,2508086.594
10,NSNT,thetaBand,Tele,5881.7026
10,NSNT,alphaBand,Tele,77.8033
10,NSNT,betaBand,Tele,3.5537
10,NSNT,gammaBand,Tele,0.0050569
11,NSNT,deltaBand,Tele,4105627.314
11,NSNT,thetaBand,Tele,4601.6636
11,NSNT,alphaBand,Tele,157.7061
11,NSNT,betaBand,Tele,10.9596
11,NSNT,gammaBand,Tele,0.0091693
12,NSNT,deltaBand,Tele,2126048.5039
12,NSNT,thetaBand,Tele,2871.635
12,NSNT,alphaBand,Tele,59.9551
12,NSNT,betaBand,Tele,4.3934
12,NSNT,gammaBand,Tele,0.0053027
13,NSNT,deltaBand,Tele,1584682.5462
13,NSNT,thetaBand,Tele,2723.2175
13,NSNT,alphaBand,Tele,38.3397
13,NSNT,betaBand,Tele,1.8029
13,NSNT,gammaBand,Tele,0.0016852
14,NSNT,deltaBand,Tele,3778951.4539
14,NSNT,thetaBand,Tele,8222.5541
14,NSNT,alphaBand,Tele,99.5589
14,NSNT,betaBand,Tele,5.0534
14,NSNT,gammaBand,Tele,0.0080397
15,NSNT,deltaBand,Tele,3142333.2629
15,NSNT,thetaBand,Tele,6886.9099
15,NSNT,alphaBand,Tele,91.3756
15,NSNT,betaBand,Tele,4.8265
15,NSNT,gammaBand,Tele,0.0097497
16,NSNT,deltaBand,Tele,2287327.8039
16,NSNT,thetaBand,Tele,4878.0462
16,NSNT,alphaBand,Tele,105.8951
16,NSNT,betaBand,Tele,5.1233
16,NSNT,gammaBand,Tele,0.0049239
6,NSNT,deltaBand,Post,19076808.0753
6,NSNT,thetaBand,Post,36118.8098
6,NSNT,alphaBand,Post,496.9168
6,NSNT,betaBand,Post,21.8461
6,NSNT,gammaBand,Post,0.046413
7,NSNT,deltaBand,Post,6786037.1768
7,NSNT,thetaBand,Post,12716.8944
7,NSNT,alphaBand,Post,233.408
7,NSNT,betaBand,Post,13.2171
7,NSNT,gammaBand,Post,0.02586
8,NSNT,deltaBand,Post,14912959.2562
8,NSNT,thetaBand,Post,13688.7861
8,NSNT,alphaBand,Post,503.4191
8,NSNT,betaBand,Post,28.9182
8,NSNT,gammaBand,Post,0.04371
9,NSNT,deltaBand,Post,16945200.0993
9,NSNT,thetaBand,Post,23369.9873
9,NSNT,alphaBand,Post,633.7973
9,NSNT,betaBand,Post,28.8276
9,NSNT,gammaBand,Post,0.057466
10,NSNT,deltaBand,Post,5624162.4768
10,NSNT,thetaBand,Post,5418.8173
10,NSNT,alphaBand,Post,91.8657
10,NSNT,betaBand,Post,6.2136
10,NSNT,gammaBand,Post,0.009073
11,NSNT,deltaBand,Post,4957619.4053
11,NSNT,thetaBand,Post,4451.2118
11,NSNT,alphaBand,Post,107.7816
11,NSNT,betaBand,Post,4.2587
11,NSNT,gammaBand,Post,0.0060965
12,NSNT,deltaBand,Post,3361561.0887
12,NSNT,thetaBand,Post,2970.4843
12,NSNT,alphaBand,Post,62.583
12,NSNT,betaBand,Post,2.782
12,NSNT,gammaBand,Post,0.0043087
13,NSNT,deltaBand,Post,2662259.9906
13,NSNT,thetaBand,Post,2665.9431
13,NSNT,alphaBand,Post,39.1751
13,NSNT,betaBand,Post,1.6759
13,NSNT,gammaBand,Post,0.0016291
14,NSNT,deltaBand,Post,5711115.9193
14,NSNT,thetaBand,Post,5575.9305
14,NSNT,alphaBand,Post,77.8248
14,NSNT,betaBand,Post,4.4614
14,NSNT,gammaBand,Post,0.0081003
15,NSNT,deltaBand,Post,4592808.5214
15,NSNT,thetaBand,Post,4672.2755
15,NSNT,alphaBand,Post,76.4945
15,NSNT,betaBand,Post,4.4249
15,NSNT,gammaBand,Post,0.0096455
16,NSNT,deltaBand,Post,3247652.8253
16,NSNT,thetaBand,Post,3822.0183
16,NSNT,alphaBand,Post,95.7826
16,NSNT,betaBand,Post,4.8557
16,NSNT,gammaBand,Post,0.0045769
6,NSFT,deltaBand,Pre,37676015.4314
6,NSFT,thetaBand,Pre,37453.8636
6,NSFT,alphaBand,Pre,323.5732
6,NSFT,betaBand,Pre,17.6955
6,NSFT,gammaBand,Pre,0.017719
7,NSFT,deltaBand,Pre,14280148.7556
7,NSFT,thetaBand,Pre,14903.4473
7,NSFT,alphaBand,Pre,153.0928
7,NSFT,betaBand,Pre,8.0944
7,NSFT,gammaBand,Pre,0.014579
8,NSFT,deltaBand,Pre,20424135.6354
8,NSFT,thetaBand,Pre,12879.6394
8,NSFT,alphaBand,Pre,266.6512
8,NSFT,betaBand,Pre,11.5128
8,NSFT,gammaBand,Pre,0.0088876
9,NSFT,deltaBand,Pre,17415116.9668
9,NSFT,thetaBand,Pre,14550.962
9,NSFT,alphaBand,Pre,258.8195
9,NSFT,betaBand,Pre,11.2978
9,NSFT,gammaBand,Pre,0.012381
10,NSFT,deltaBand,Pre,9272280.1987
10,NSFT,thetaBand,Pre,6145.142
10,NSFT,alphaBand,Pre,83.8702
10,NSFT,betaBand,Pre,5.6318
10,NSFT,gammaBand,Pre,0.0053578
11,NSFT,deltaBand,Pre,8087125.7252
11,NSFT,thetaBand,Pre,6655.4517
11,NSFT,alphaBand,Pre,243.7432
11,NSFT,betaBand,Pre,15.0225
11,NSFT,gammaBand,Pre,0.012997
12,NSFT,deltaBand,Pre,4834278.4382
12,NSFT,thetaBand,Pre,3892.8267
12,NSFT,alphaBand,Pre,159.3886
12,NSFT,betaBand,Pre,10.6153
12,NSFT,gammaBand,Pre,0.013492
13,NSFT,deltaBand,Pre,2728297.0183
13,NSFT,thetaBand,Pre,3005.1295
13,NSFT,alphaBand,Pre,49.4804
13,NSFT,betaBand,Pre,3.6376
13,NSFT,gammaBand,Pre,0.0038999
14,NSFT,deltaBand,Pre,20631416.1316
14,NSFT,thetaBand,Pre,8639.0867
14,NSFT,alphaBand,Pre,650.3318
14,NSFT,betaBand,Pre,56.5049
14,NSFT,gammaBand,Pre,0.083276
15,NSFT,deltaBand,Pre,9367243.7911
15,NSFT,thetaBand,Pre,6558.9558
15,NSFT,alphaBand,Pre,397.8373
15,NSFT,betaBand,Pre,35.0639
15,NSFT,gammaBand,Pre,0.040545
16,NSFT,deltaBand,Pre,4126951.0057
16,NSFT,thetaBand,Pre,5145.4157
16,NSFT,alphaBand,Pre,114.8304
16,NSFT,betaBand,Pre,5.2792
16,NSFT,gammaBand,Pre,0.0059395
6,NSFT,deltaBand,Tele,25464158.0618
6,NSFT,thetaBand,Tele,30585.9781
6,NSFT,alphaBand,Tele,650.4428
6,NSFT,betaBand,Tele,28.125
6,NSFT,gammaBand,Tele,0.035381
7,NSFT,deltaBand,Tele,9595457.6858
7,NSFT,thetaBand,Tele,12847.7034
7,NSFT,alphaBand,Tele,369.7057
7,NSFT,betaBand,Tele,13.8094
7,NSFT,gammaBand,Tele,0.016099
8,NSFT,deltaBand,Tele,18856966.6251
8,NSFT,thetaBand,Tele,13371.4258
8,NSFT,alphaBand,Tele,736.6011
8,NSFT,betaBand,Tele,41.3625
8,NSFT,gammaBand,Tele,0.022659
9,NSFT,deltaBand,Tele,19862727.0172
9,NSFT,thetaBand,Tele,16656.8131
9,NSFT,alphaBand,Tele,624.8665
9,NSFT,betaBand,Tele,28.9277
9,NSFT,gammaBand,Tele,0.029801
10,NSFT,deltaBand,Tele,8285690.6918
10,NSFT,thetaBand,Tele,5741.2593
10,NSFT,alphaBand,Tele,113.8796
10,NSFT,betaBand,Tele,5.1168
10,NSFT,gammaBand,Tele,0.0069165
11,NSFT,deltaBand,Tele,12307718.1637
11,NSFT,thetaBand,Tele,7433.5349
11,NSFT,alphaBand,Tele,248.0942
11,NSFT,betaBand,Tele,20.9944
11,NSFT,gammaBand,Tele,0.01788
12,NSFT,deltaBand,Tele,6560493.0156
12,NSFT,thetaBand,Tele,4095.6279
12,NSFT,alphaBand,Tele,122.0129
12,NSFT,betaBand,Tele,9.7998
12,NSFT,gammaBand,Tele,0.017003
13,NSFT,deltaBand,Tele,4585630.5955
13,NSFT,thetaBand,Tele,2760.2757
13,NSFT,alphaBand,Tele,72.6764
13,NSFT,betaBand,Tele,2.945
13,NSFT,gammaBand,Tele,0.004033
14,NSFT,deltaBand,Tele,27489117.0256
14,NSFT,thetaBand,Tele,9249.4117
14,NSFT,alphaBand,Tele,155.2075
14,NSFT,betaBand,Tele,10.3616
14,NSFT,gammaBand,Tele,0.025823
15,NSFT,deltaBand,Tele,16720601.2918
15,NSFT,thetaBand,Tele,6312.3484
15,NSFT,alphaBand,Tele,106.5882
15,NSFT,betaBand,Tele,11.7297
15,NSFT,gammaBand,Tele,0.045281
16,NSFT,deltaBand,Tele,11240192.2443
16,NSFT,thetaBand,Tele,5120.5303
16,NSFT,alphaBand,Tele,166.6432
16,NSFT,betaBand,Tele,11.3205
16,NSFT,gammaBand,Tele,0.013091
6,NSFT,deltaBand,Post,21861161.0684
6,NSFT,thetaBand,Post,19591.8395
6,NSFT,alphaBand,Post,517.3175
6,NSFT,betaBand,Post,42.9335
6,NSFT,gammaBand,Post,0.024862
7,NSFT,deltaBand,Post,9676760.6287
7,NSFT,thetaBand,Post,6865.614
7,NSFT,alphaBand,Post,242.6977
7,NSFT,betaBand,Post,15.3926
7,NSFT,gammaBand,Post,0.013035
8,NSFT,deltaBand,Post,20538535.0448
8,NSFT,thetaBand,Post,10567.449
8,NSFT,alphaBand,Post,744.1806
8,NSFT,betaBand,Post,24.4503
8,NSFT,gammaBand,Post,0.01616
9,NSFT,deltaBand,Post,21196743.0012
9,NSFT,thetaBand,Post,11354.0589
9,NSFT,alphaBand,Post,638.2551
9,NSFT,betaBand,Post,32.9819
9,NSFT,gammaBand,Post,0.018838
10,NSFT,deltaBand,Post,6525551.7441
10,NSFT,thetaBand,Post,4358.2087
10,NSFT,alphaBand,Post,88.1253
10,NSFT,betaBand,Post,4.7875
10,NSFT,gammaBand,Post,0.0056221
11,NSFT,deltaBand,Post,11505261.6314
11,NSFT,thetaBand,Post,20081.6057
11,NSFT,alphaBand,Post,891.2351
11,NSFT,betaBand,Post,62.3359
11,NSFT,gammaBand,Post,0.047287
12,NSFT,deltaBand,Post,6255071.9064
12,NSFT,thetaBand,Post,7213.7661
12,NSFT,alphaBand,Post,394.7658
12,NSFT,betaBand,Post,33.2768
12,NSFT,gammaBand,Post,0.029931
13,NSFT,deltaBand,Post,3265667.561
13,NSFT,thetaBand,Post,2335.6694
13,NSFT,alphaBand,Post,85.2261
13,NSFT,betaBand,Post,6.0285
13,NSFT,gammaBand,Post,0.0057039
14,NSFT,deltaBand,Post,17411570.2746
14,NSFT,thetaBand,Post,20863.5198
14,NSFT,alphaBand,Post,336.4628
14,NSFT,betaBand,Post,26.1977
14,NSFT,gammaBand,Post,0.047179
15,NSFT,deltaBand,Post,9323462.5402
15,NSFT,thetaBand,Post,18200.9432
15,NSFT,alphaBand,Post,332.676
15,NSFT,betaBand,Post,36.154
15,NSFT,gammaBand,Post,0.035804
16,NSFT,deltaBand,Post,5973014.5136
16,NSFT,thetaBand,Post,10021.7658
16,NSFT,alphaBand,Post,160.4231
16,NSFT,betaBand,Post,10.2194
16,NSFT,gammaBand,Post,0.0071875
6,FSNT,deltaBand,Pre,7069478.7567
6,FSNT,thetaBand,Pre,31471.4578
6,FSNT,alphaBand,Pre,355.232
6,FSNT,betaBand,Pre,11.5874
6,FSNT,gammaBand,Pre,0.019525
7,FSNT,deltaBand,Pre,5925616.2676
7,FSNT,thetaBand,Pre,11525.5625
7,FSNT,alphaBand,Pre,171.4332
7,FSNT,betaBand,Pre,7.4996
7,FSNT,gammaBand,Pre,0.011437
8,FSNT,deltaBand,Pre,11352903.9482
8,FSNT,thetaBand,Pre,11641.8296
8,FSNT,alphaBand,Pre,280.4235
8,FSNT,betaBand,Pre,13.8051
8,FSNT,gammaBand,Pre,0.010002
9,FSNT,deltaBand,Pre,10782255.7506
9,FSNT,thetaBand,Pre,12911.1593
9,FSNT,alphaBand,Pre,269.0044
9,FSNT,betaBand,Pre,11.689
9,FSNT,gammaBand,Pre,0.013338
10,FSNT,deltaBand,Pre,5565055.4344
10,FSNT,thetaBand,Pre,5204.9739
10,FSNT,alphaBand,Pre,75.8574
10,FSNT,betaBand,Pre,5.4254
10,FSNT,gammaBand,Pre,0.0050869
11,FSNT,deltaBand,Pre,5902610.354
11,FSNT,thetaBand,Pre,7078.7268
11,FSNT,alphaBand,Pre,129.3277
11,FSNT,betaBand,Pre,6.3432
11,FSNT,gammaBand,Pre,0.0069807
12,FSNT,deltaBand,Pre,3130288.1636
12,FSNT,thetaBand,Pre,4766.7211
12,FSNT,alphaBand,Pre,73.205
12,FSNT,betaBand,Pre,3.512
12,FSNT,gammaBand,Pre,0.004799
13,FSNT,deltaBand,Pre,2137406.0236
13,FSNT,thetaBand,Pre,3789.5554
13,FSNT,alphaBand,Pre,36.8673
13,FSNT,betaBand,Pre,1.7533
13,FSNT,gammaBand,Pre,0.0016484
14,FSNT,deltaBand,Pre,5638323.0432
14,FSNT,thetaBand,Pre,9486.4909
14,FSNT,alphaBand,Pre,132.9562
14,FSNT,betaBand,Pre,6.9524
14,FSNT,gammaBand,Pre,0.0086388
15,FSNT,deltaBand,Pre,4971115.8125
15,FSNT,thetaBand,Pre,7383.161
15,FSNT,alphaBand,Pre,99.3462
15,FSNT,betaBand,Pre,6.5181
15,FSNT,gammaBand,Pre,0.011117
16,FSNT,deltaBand,Pre,4508173.0133
16,FSNT,thetaBand,Pre,5643.8141
16,FSNT,alphaBand,Pre,100.0456
16,FSNT,betaBand,Pre,5.5677
16,FSNT,gammaBand,Pre,0.0047198
6,FSNT,deltaBand,Tele,8094771.3662
6,FSNT,thetaBand,Tele,21620.5038
6,FSNT,alphaBand,Tele,358.3157
6,FSNT,betaBand,Tele,10.8245
6,FSNT,gammaBand,Tele,0.01594
7,FSNT,deltaBand,Tele,5826235.7015
7,FSNT,thetaBand,Tele,8952.4931
7,FSNT,alphaBand,Tele,169.2633
7,FSNT,betaBand,Tele,5.8986
7,FSNT,gammaBand,Tele,0.011657
8,FSNT,deltaBand,Tele,8456681.2974
8,FSNT,thetaBand,Tele,13024.7181
8,FSNT,alphaBand,Tele,258.2433
8,FSNT,betaBand,Tele,10.1322
8,FSNT,gammaBand,Tele,0.0093329
9,FSNT,deltaBand,Tele,7100934.0444
9,FSNT,thetaBand,Tele,15000.8617
9,FSNT,alphaBand,Tele,247.7074
9,FSNT,betaBand,Tele,9.3059
9,FSNT,gammaBand,Tele,0.010843
10,FSNT,deltaBand,Tele,3273884.4592
10,FSNT,thetaBand,Tele,5773.436
10,FSNT,alphaBand,Tele,91.7959
10,FSNT,betaBand,Tele,3.9544
10,FSNT,gammaBand,Tele,0.0054997
11,FSNT,deltaBand,Tele,6439485.7092
11,FSNT,thetaBand,Tele,5831.0774
11,FSNT,alphaBand,Tele,106.4538
11,FSNT,betaBand,Tele,6.7383
11,FSNT,gammaBand,Tele,0.0070563
12,FSNT,deltaBand,Tele,2849007.6943
12,FSNT,thetaBand,Tele,3622.547
12,FSNT,alphaBand,Tele,60.595
12,FSNT,betaBand,Tele,3.549
12,FSNT,gammaBand,Tele,0.005031
13,FSNT,deltaBand,Tele,1820376.6696
13,FSNT,thetaBand,Tele,3128.3017
13,FSNT,alphaBand,Tele,38.1933
13,FSNT,betaBand,Tele,1.8961
13,FSNT,gammaBand,Tele,0.0017802
14,FSNT,deltaBand,Tele,6666796.1891
14,FSNT,thetaBand,Tele,7678.5819
14,FSNT,alphaBand,Tele,105.158
14,FSNT,betaBand,Tele,5.8238
14,FSNT,gammaBand,Tele,0.0087154
15,FSNT,deltaBand,Tele,4840579.3706
15,FSNT,thetaBand,Tele,6974.8578
15,FSNT,alphaBand,Tele,95.8998
15,FSNT,betaBand,Tele,5.8649
15,FSNT,gammaBand,Tele,0.0098021
16,FSNT,deltaBand,Tele,3842201.2606
16,FSNT,thetaBand,Tele,5121.2958
16,FSNT,alphaBand,Tele,110.1726
16,FSNT,betaBand,Tele,5.3509
16,FSNT,gammaBand,Tele,0.0047361
6,FSNT,deltaBand,Post,8541182.4717
6,FSNT,thetaBand,Post,22114.3053
6,FSNT,alphaBand,Post,319.2431
6,FSNT,betaBand,Post,11.6246
6,FSNT,gammaBand,Post,0.014997
7,FSNT,deltaBand,Post,4774549.4336
7,FSNT,thetaBand,Post,8597.9252
7,FSNT,alphaBand,Post,162.3379
7,FSNT,betaBand,Post,6.565
7,FSNT,gammaBand,Post,0.010664
8,FSNT,deltaBand,Post,9980109.349
8,FSNT,thetaBand,Post,15121.4645
8,FSNT,alphaBand,Post,225.4605
8,FSNT,betaBand,Post,7.1988
8,FSNT,gammaBand,Post,0.0078473
9,FSNT,deltaBand,Post,8511328.3188
9,FSNT,thetaBand,Post,17015.5095
9,FSNT,alphaBand,Post,205.9947
9,FSNT,betaBand,Post,8.0137
9,FSNT,gammaBand,Post,0.0099243
10,FSNT,deltaBand,Post,3702471.1188
10,FSNT,thetaBand,Post,6984.0376
10,FSNT,alphaBand,Post,86.7189
10,FSNT,betaBand,Post,4.2875
10,FSNT,gammaBand,Post,0.0053173
11,FSNT,deltaBand,Post,5878335.5364
11,FSNT,thetaBand,Post,6408.3603
11,FSNT,alphaBand,Post,136.5816
11,FSNT,betaBand,Post,10.5154
11,FSNT,gammaBand,Post,0.014593
12,FSNT,deltaBand,Post,2880324.5665
12,FSNT,thetaBand,Post,3890.1175
12,FSNT,alphaBand,Post,114.4477
12,FSNT,betaBand,Post,9.4075
12,FSNT,gammaBand,Post,0.014334
13,FSNT,deltaBand,Post,2151652.6328
13,FSNT,thetaBand,Post,2403.1895
13,FSNT,alphaBand,Post,57.9555
13,FSNT,betaBand,Post,3.6049
13,FSNT,gammaBand,Post,0.0036316
14,FSNT,deltaBand,Post,17799812.8059
14,FSNT,thetaBand,Post,12907.3481
14,FSNT,alphaBand,Post,683.3543
14,FSNT,betaBand,Post,48.6443
14,FSNT,gammaBand,Post,0.080242
15,FSNT,deltaBand,Post,9285997.7373
15,FSNT,thetaBand,Post,7206.1761
15,FSNT,alphaBand,Post,401.641
15,FSNT,betaBand,Post,38.1503
15,FSNT,gammaBand,Post,0.040855
16,FSNT,deltaBand,Post,3741013.8662
16,FSNT,thetaBand,Post,3999.1407
16,FSNT,alphaBand,Post,112.8297
16,FSNT,betaBand,Post,6.4904
16,FSNT,gammaBand,Post,0.0061876
6,FSFT,deltaBand,Pre,14045445.7587
6,FSFT,thetaBand,Pre,49491.273
6,FSFT,alphaBand,Pre,496.9478
6,FSFT,betaBand,Pre,16.7265
6,FSFT,gammaBand,Pre,0.060945
7,FSFT,deltaBand,Pre,5577482.1808
7,FSFT,thetaBand,Pre,21052.4131
7,FSFT,alphaBand,Pre,274.0759
7,FSFT,betaBand,Pre,10.2543
7,FSFT,gammaBand,Pre,0.042299
8,FSFT,deltaBand,Pre,11070441.0438
8,FSFT,thetaBand,Pre,15059.7263
8,FSFT,alphaBand,Pre,1162.3289
8,FSFT,betaBand,Pre,77.8556
8,FSFT,gammaBand,Pre,0.079339
9,FSFT,deltaBand,Pre,14652941.6099
9,FSFT,thetaBand,Pre,16753.2511
9,FSFT,alphaBand,Pre,623.6242
9,FSFT,betaBand,Pre,50.7591
9,FSFT,gammaBand,Pre,0.088838
10,FSFT,deltaBand,Pre,5948628.1703
10,FSFT,thetaBand,Pre,5856.1074
10,FSFT,alphaBand,Pre,88.8398
10,FSFT,betaBand,Pre,7.0619
10,FSFT,gammaBand,Pre,0.018236
11,FSFT,deltaBand,Pre,5995390.3142
11,FSFT,thetaBand,Pre,5225.7809
11,FSFT,alphaBand,Pre,125.6397
11,FSFT,betaBand,Pre,4.7845
11,FSFT,gammaBand,Pre,0.0064108
12,FSFT,deltaBand,Pre,2832350.3991
12,FSFT,thetaBand,Pre,3339.9797
12,FSFT,alphaBand,Pre,82.9957
12,FSFT,betaBand,Pre,3.1156
12,FSFT,gammaBand,Pre,0.0048079
13,FSFT,deltaBand,Pre,1924789.915
13,FSFT,thetaBand,Pre,2372.2902
13,FSFT,alphaBand,Pre,48.6774
13,FSFT,betaBand,Pre,1.8089
13,FSFT,gammaBand,Pre,0.0016314
14,FSFT,deltaBand,Pre,4236152.2357
14,FSFT,thetaBand,Pre,5664.8137
14,FSFT,alphaBand,Pre,99.7556
14,FSFT,betaBand,Pre,4.6364
14,FSFT,gammaBand,Pre,0.0082827
15,FSFT,deltaBand,Pre,3428722.6383
15,FSFT,thetaBand,Pre,5255.9598
15,FSFT,alphaBand,Pre,100.7538
15,FSFT,betaBand,Pre,4.9664
15,FSFT,gammaBand,Pre,0.01073
16,FSFT,deltaBand,Pre,3370771.3967
16,FSFT,thetaBand,Pre,3989.1366
16,FSFT,alphaBand,Pre,107.854
16,FSFT,betaBand,Pre,5.3001
16,FSFT,gammaBand,Pre,0.0053359
6,FSFT,deltaBand,Tele,8481945.8207
6,FSFT,thetaBand,Tele,19444.6286
6,FSFT,alphaBand,Tele,264.7311
6,FSFT,betaBand,Tele,9.467
6,FSFT,gammaBand,Tele,0.014985
7,FSFT,deltaBand,Tele,4343004.4466
7,FSFT,thetaBand,Tele,8167.0913
7,FSFT,alphaBand,Tele,131.6262
7,FSFT,betaBand,Tele,4.8591
7,FSFT,gammaBand,Tele,0.010875
8,FSFT,deltaBand,Tele,11121941.9507
8,FSFT,thetaBand,Tele,9358.9942
8,FSFT,alphaBand,Tele,179.4603
8,FSFT,betaBand,Tele,7.1463
8,FSFT,gammaBand,Tele,0.0081039
9,FSFT,deltaBand,Tele,10490196.1186
9,FSFT,thetaBand,Tele,11556.4974
9,FSFT,alphaBand,Tele,175.2976
9,FSFT,betaBand,Tele,6.9485
9,FSFT,gammaBand,Tele,0.010346
10,FSFT,deltaBand,Tele,5242932.174
10,FSFT,thetaBand,Tele,4840.3135
10,FSFT,alphaBand,Tele,71.7289
10,FSFT,betaBand,Tele,3.0733
10,FSFT,gammaBand,Tele,0.0048054
11,FSFT,deltaBand,Tele,4285661.6556
11,FSFT,thetaBand,Tele,5456.6411
11,FSFT,alphaBand,Tele,98.923
11,FSFT,betaBand,Tele,4.3762
11,FSFT,gammaBand,Tele,0.0059449
12,FSFT,deltaBand,Tele,2400768.5505
12,FSFT,thetaBand,Tele,3475.147
12,FSFT,alphaBand,Tele,59.2541
12,FSFT,betaBand,Tele,3.0611
12,FSFT,gammaBand,Tele,0.0043669
13,FSFT,deltaBand,Tele,2230683.2858
13,FSFT,thetaBand,Tele,2736.0698
13,FSFT,alphaBand,Tele,40.107
13,FSFT,betaBand,Tele,1.6999
13,FSFT,gammaBand,Tele,0.001567
14,FSFT,deltaBand,Tele,5132901.2701
14,FSFT,thetaBand,Tele,6302.6706
14,FSFT,alphaBand,Tele,102.1841
14,FSFT,betaBand,Tele,5.5327
14,FSFT,gammaBand,Tele,0.0077239
15,FSFT,deltaBand,Tele,3528946.7369
15,FSFT,thetaBand,Tele,5889.4198
15,FSFT,alphaBand,Tele,82.6581
15,FSFT,betaBand,Tele,5.0773
15,FSFT,gammaBand,Tele,0.0092603
16,FSFT,deltaBand,Tele,3224028.3131
16,FSFT,thetaBand,Tele,4162.826
16,FSFT,alphaBand,Tele,98.1547
16,FSFT,betaBand,Tele,4.8065
16,FSFT,gammaBand,Tele,0.0048529
6,FSFT,deltaBand,Post,7200217.5291
6,FSFT,thetaBand,Post,21067.7508
6,FSFT,alphaBand,Post,339.5446
6,FSFT,betaBand,Post,10.2115
6,FSFT,gammaBand,Post,0.015016
7,FSFT,deltaBand,Post,4082626.8813
7,FSFT,thetaBand,Post,7267.8506
7,FSFT,alphaBand,Post,162.0181
7,FSFT,betaBand,Post,5.0254
7,FSFT,gammaBand,Post,0.011172
8,FSFT,deltaBand,Post,10790113.0373
8,FSFT,thetaBand,Post,7450.3112
8,FSFT,alphaBand,Post,195.1715
8,FSFT,betaBand,Post,6.3584
8,FSFT,gammaBand,Post,0.0089724
9,FSFT,deltaBand,Post,11065488.0391
9,FSFT,thetaBand,Post,9143.6301
9,FSFT,alphaBand,Post,193.974
9,FSFT,betaBand,Post,6.2834
9,FSFT,gammaBand,Post,0.010313
10,FSFT,deltaBand,Post,3734751.3311
10,FSFT,thetaBand,Post,2833.2366
10,FSFT,alphaBand,Post,61.3734
10,FSFT,betaBand,Post,3.0412
10,FSFT,gammaBand,Post,0.0044368
11,FSFT,deltaBand,Post,7152409.5313
11,FSFT,thetaBand,Post,4924.8789
11,FSFT,alphaBand,Post,74.753
11,FSFT,betaBand,Post,5.4568
11,FSFT,gammaBand,Post,0.005828
12,FSFT,deltaBand,Post,2992056.7416
12,FSFT,thetaBand,Post,2826.0191
12,FSFT,alphaBand,Post,44.9959
12,FSFT,betaBand,Post,3.2396
12,FSFT,gammaBand,Post,0.0045582
13,FSFT,deltaBand,Post,1645442.7423
13,FSFT,thetaBand,Post,2109.0915
13,FSFT,alphaBand,Post,26.4928
13,FSFT,betaBand,Post,1.6354
13,FSFT,gammaBand,Post,0.0017217
14,FSFT,deltaBand,Post,5940685.9788
14,FSFT,thetaBand,Post,4241.6289
14,FSFT,alphaBand,Post,79.1418
14,FSFT,betaBand,Post,4.2007
14,FSFT,gammaBand,Post,0.0074498
15,FSFT,deltaBand,Post,3927258.2222
15,FSFT,thetaBand,Post,4282.2829
15,FSFT,alphaBand,Post,67.0133
15,FSFT,betaBand,Post,3.6815
15,FSFT,gammaBand,Post,0.0095672
16,FSFT,deltaBand,Post,2260095.7801
16,FSFT,thetaBand,Post,3331.8483
16,FSFT,alphaBand,Post,66.2401
16,FSFT,betaBand,Post,4.0772
16,FSFT,gammaBand,Post,0.005142
17,NSNT,deltaBand,Pre,907068.0173
17,NSNT,thetaBand,Pre,4045.5397
17,NSNT,alphaBand,Pre,41.6673
17,NSNT,betaBand,Pre,1.2956
17,NSNT,gammaBand,Pre,0.0028905
18,NSNT,deltaBand,Pre,1133136.8933
18,NSNT,thetaBand,Pre,5486.3909
18,NSNT,alphaBand,Pre,68.3103
18,NSNT,betaBand,Pre,3.171
18,NSNT,gammaBand,Pre,0.0017177
19,NSNT,deltaBand,Pre,2999330.5949
19,NSNT,thetaBand,Pre,1279.0794
19,NSNT,alphaBand,Pre,28.485
19,NSNT,betaBand,Pre,1.6397
19,NSNT,gammaBand,Pre,0.0021224
20,NSNT,deltaBand,Pre,2935382.3028
20,NSNT,thetaBand,Pre,2039.4469
20,NSNT,alphaBand,Pre,28.125
20,NSNT,betaBand,Pre,0.74501
20,NSNT,gammaBand,Pre,0.0007584
21,NSNT,deltaBand,Pre,2497764.8521
21,NSNT,thetaBand,Pre,6359.8124
21,NSNT,alphaBand,Pre,89.4672
21,NSNT,betaBand,Pre,4.1734
21,NSNT,gammaBand,Pre,0.0065799
17,NSNT,deltaBand,Tele,1040825.5978
17,NSNT,thetaBand,Tele,3648.5506
17,NSNT,alphaBand,Tele,44.6398
17,NSNT,betaBand,Tele,1.538
17,NSNT,gammaBand,Tele,0.0026903
18,NSNT,deltaBand,Tele,1219882.2427
18,NSNT,thetaBand,Tele,4908.0153
18,NSNT,alphaBand,Tele,78.6176
18,NSNT,betaBand,Tele,2.8421
18,NSNT,gammaBand,Tele,0.0019217
19,NSNT,deltaBand,Tele,3125801.6365
19,NSNT,thetaBand,Tele,1097.4951
19,NSNT,alphaBand,Tele,37.4927
19,NSNT,betaBand,Tele,2.0499
19,NSNT,gammaBand,Tele,0.002202
20,NSNT,deltaBand,Tele,3097185.2772
20,NSNT,thetaBand,Tele,1330.4755
20,NSNT,alphaBand,Tele,27.5189
20,NSNT,betaBand,Tele,1.0282
20,NSNT,gammaBand,Tele,0.00082191
21,NSNT,deltaBand,Tele,2278675.342
21,NSNT,thetaBand,Tele,4670.758
21,NSNT,alphaBand,Tele,92.2874
21,NSNT,betaBand,Tele,4.2569
21,NSNT,gammaBand,Tele,0.0067627
17,NSNT,deltaBand,Post,860710.764
17,NSNT,thetaBand,Post,3453.5756
17,NSNT,alphaBand,Post,54.5466
17,NSNT,betaBand,Post,1.6721
17,NSNT,gammaBand,Post,0.0035776
18,NSNT,deltaBand,Post,949367.5415
18,NSNT,thetaBand,Post,4867.1766
18,NSNT,alphaBand,Post,81.9327
18,NSNT,betaBand,Post,2.7248
18,NSNT,gammaBand,Post,0.0020375
19,NSNT,deltaBand,Post,3449296.6436
19,NSNT,thetaBand,Post,1146.6142
19,NSNT,alphaBand,Post,39.8336
19,NSNT,betaBand,Post,2.2159
19,NSNT,gammaBand,Post,0.0024526
20,NSNT,deltaBand,Post,3346703.2211
20,NSNT,thetaBand,Post,1498.7313
20,NSNT,alphaBand,Post,24.9678
20,NSNT,betaBand,Post,1.4239
20,NSNT,gammaBand,Post,0.00095689
21,NSNT,deltaBand,Post,2193556.369
21,NSNT,thetaBand,Post,5408.4087
21,NSNT,alphaBand,Post,90.938
21,NSNT,betaBand,Post,4.7439
21,NSNT,gammaBand,Post,0.0057856
17,NSFT,deltaBand,Pre,1036129.9194
17,NSFT,thetaBand,Pre,3838.8276
17,NSFT,alphaBand,Pre,34.869
17,NSFT,betaBand,Pre,1.0343
17,NSFT,gammaBand,Pre,0.0027085
18,NSFT,deltaBand,Pre,1093314.1418
18,NSFT,thetaBand,Pre,5015.3836
18,NSFT,alphaBand,Pre,47.6031
18,NSFT,betaBand,Pre,1.4958
18,NSFT,gammaBand,Pre,0.0016848
19,NSFT,deltaBand,Pre,2474412.5988
19,NSFT,thetaBand,Pre,1928.8766
19,NSFT,alphaBand,Pre,31.7686
19,NSFT,betaBand,Pre,1.428
19,NSFT,gammaBand,Pre,0.0018045
20,NSFT,deltaBand,Pre,2287195.4753
20,NSFT,thetaBand,Pre,2251.3503
20,NSFT,alphaBand,Pre,22.9319
20,NSFT,betaBand,Pre,1.029
20,NSFT,gammaBand,Pre,0.00074185
21,NSFT,deltaBand,Pre,1125779.4385
21,NSFT,thetaBand,Pre,5541.5629
21,NSFT,alphaBand,Pre,83.6043
21,NSFT,betaBand,Pre,3.8709
21,NSFT,gammaBand,Pre,0.0053625
17,NSFT,deltaBand,Tele,902678.9858
17,NSFT,thetaBand,Tele,3634.2467
17,NSFT,alphaBand,Tele,40.6085
17,NSFT,betaBand,Tele,1.4098
17,NSFT,gammaBand,Tele,0.0027887
18,NSFT,deltaBand,Tele,972369.5729
18,NSFT,thetaBand,Tele,4519.6659
18,NSFT,alphaBand,Tele,59.134
18,NSFT,betaBand,Tele,1.967
18,NSFT,gammaBand,Tele,0.0016661
19,NSFT,deltaBand,Tele,2666789.099
19,NSFT,thetaBand,Tele,1693.1327
19,NSFT,alphaBand,Tele,36.1696
19,NSFT,betaBand,Tele,1.9898
19,NSFT,gammaBand,Tele,0.001966
20,NSFT,deltaBand,Tele,2766011.5073
20,NSFT,thetaBand,Tele,1673.5609
20,NSFT,alphaBand,Tele,28.7916
20,NSFT,betaBand,Tele,1.12
20,NSFT,gammaBand,Tele,0.00084042
21,NSFT,deltaBand,Tele,2739951.6426
21,NSFT,thetaBand,Tele,4704.0358
21,NSFT,alphaBand,Tele,86.7535
21,NSFT,betaBand,Tele,3.874
21,NSFT,gammaBand,Tele,0.0064394
17,NSFT,deltaBand,Post,784254.1873
17,NSFT,thetaBand,Post,2871.4242
17,NSFT,alphaBand,Post,35.5255
17,NSFT,betaBand,Post,1.181
17,NSFT,gammaBand,Post,0.0025585
18,NSFT,deltaBand,Post,949128.1997
18,NSFT,thetaBand,Post,3521.9727
18,NSFT,alphaBand,Post,53.5913
18,NSFT,betaBand,Post,1.4273
18,NSFT,gammaBand,Post,0.0015462
19,NSFT,deltaBand,Post,2818226.155
19,NSFT,thetaBand,Post,1451.513
19,NSFT,alphaBand,Post,57.8155
19,NSFT,betaBand,Post,2.8919
19,NSFT,gammaBand,Post,0.002032
20,NSFT,deltaBand,Post,3056378.6232
20,NSFT,thetaBand,Post,1432.6663
20,NSFT,alphaBand,Post,28.9439
20,NSFT,betaBand,Post,1.0138
20,NSFT,gammaBand,Post,0.0008511
21,NSFT,deltaBand,Post,1343840.1881
21,NSFT,thetaBand,Post,4563.5379
21,NSFT,alphaBand,Post,72.2045
21,NSFT,betaBand,Post,3.2281
21,NSFT,gammaBand,Post,0.0046833
17,FSNT,deltaBand,Pre,892846.1151
17,FSNT,thetaBand,Pre,3752.9426
17,FSNT,alphaBand,Pre,52.206
17,FSNT,betaBand,Pre,1.2086
17,FSNT,gammaBand,Pre,0.0027898
18,FSNT,deltaBand,Pre,995399.6045
18,FSNT,thetaBand,Pre,5196.2201
18,FSNT,alphaBand,Pre,84.2283
18,FSNT,betaBand,Pre,2.6555
18,FSNT,gammaBand,Pre,0.002105
19,FSNT,deltaBand,Pre,3266205.7536
19,FSNT,thetaBand,Pre,1267.6975
19,FSNT,alphaBand,Pre,37.2778
19,FSNT,betaBand,Pre,2.2258
19,FSNT,gammaBand,Pre,0.0020023
20,FSNT,deltaBand,Pre,2583930.0444
20,FSNT,thetaBand,Pre,1762.811
20,FSNT,alphaBand,Pre,27.7161
20,FSNT,betaBand,Pre,0.92614
20,FSNT,gammaBand,Pre,0.00068161
21,FSNT,deltaBand,Pre,2816908.4088
21,FSNT,thetaBand,Pre,4500.9214
21,FSNT,alphaBand,Pre,96.4904
21,FSNT,betaBand,Pre,4.9335
21,FSNT,gammaBand,Pre,0.0060258
17,FSNT,deltaBand,Tele,779472.3338
17,FSNT,thetaBand,Tele,3734.6569
17,FSNT,alphaBand,Tele,42.2048
17,FSNT,betaBand,Tele,1.2186
17,FSNT,gammaBand,Tele,0.0022484
18,FSNT,deltaBand,Tele,842449.1147
18,FSNT,thetaBand,Tele,5212.8215
18,FSNT,alphaBand,Tele,62.5754
18,FSNT,betaBand,Tele,2.0735
18,FSNT,gammaBand,Tele,0.0015864
19,FSNT,deltaBand,Tele,2640953.9959
19,FSNT,thetaBand,Tele,1338.3079
19,FSNT,alphaBand,Tele,30.1409
19,FSNT,betaBand,Tele,2.2558
19,FSNT,gammaBand,Tele,0.0021874
20,FSNT,deltaBand,Tele,2842521.4027
20,FSNT,thetaBand,Tele,1858.909
20,FSNT,alphaBand,Tele,26.0622
20,FSNT,betaBand,Tele,1.0973
20,FSNT,gammaBand,Tele,0.00093345
21,FSNT,deltaBand,Tele,2970001.6548
21,FSNT,thetaBand,Tele,4596.5109
21,FSNT,alphaBand,Tele,132.739
21,FSNT,betaBand,Tele,6.8622
21,FSNT,gammaBand,Tele,0.0095817
17,FSNT,deltaBand,Post,839908.3603
17,FSNT,thetaBand,Post,4340.6437
17,FSNT,alphaBand,Post,40.5491
17,FSNT,betaBand,Post,1.4697
17,FSNT,gammaBand,Post,0.0028864
18,FSNT,deltaBand,Post,884196.0281
18,FSNT,thetaBand,Post,6174.4571
18,FSNT,alphaBand,Post,62.6261
18,FSNT,betaBand,Post,2.5763
18,FSNT,gammaBand,Post,0.0019542
19,FSNT,deltaBand,Post,1890663.6384
19,FSNT,thetaBand,Post,968.1001
19,FSNT,alphaBand,Post,35.6916
19,FSNT,betaBand,Post,1.6029
19,FSNT,gammaBand,Post,0.0020926
20,FSNT,deltaBand,Post,2267599.8494
20,FSNT,thetaBand,Post,1549.907
20,FSNT,alphaBand,Post,33.986
20,FSNT,betaBand,Post,1.0195
20,FSNT,gammaBand,Post,0.00081723
21,FSNT,deltaBand,Post,2582713.9891
21,FSNT,thetaBand,Post,9316.9176
21,FSNT,alphaBand,Post,173.5179
21,FSNT,betaBand,Post,7.5918
21,FSNT,gammaBand,Post,0.012367
17,FSFT,deltaBand,Pre,1333950.1775
17,FSFT,thetaBand,Pre,5066.4137
17,FSFT,alphaBand,Pre,56.1984
17,FSFT,betaBand,Pre,2.0115
17,FSFT,gammaBand,Pre,0.0027143
18,FSFT,deltaBand,Pre,1302626.1185
18,FSFT,thetaBand,Pre,6279.6846
18,FSFT,alphaBand,Pre,71.7155
18,FSFT,betaBand,Pre,2.9407
18,FSFT,gammaBand,Pre,0.0016959
19,FSFT,deltaBand,Pre,3294285.0306
19,FSFT,thetaBand,Pre,1120.335
19,FSFT,alphaBand,Pre,35.1136
19,FSFT,betaBand,Pre,1.972
19,FSFT,gammaBand,Pre,0.002003
20,FSFT,deltaBand,Pre,2494042.9935
20,FSFT,thetaBand,Pre,1703.3372
20,FSFT,alphaBand,Pre,26.1015
20,FSFT,betaBand,Pre,1.1104
20,FSFT,gammaBand,Pre,0.0010718
21,FSFT,deltaBand,Pre,10744565.5361
21,FSFT,thetaBand,Pre,7550.2036
21,FSFT,alphaBand,Pre,240.2676
21,FSFT,betaBand,Pre,14.3471
21,FSFT,gammaBand,Pre,0.013011
17,FSFT,deltaBand,Tele,1278417.592
17,FSFT,thetaBand,Tele,3851.6702
17,FSFT,alphaBand,Tele,65.4491
17,FSFT,betaBand,Tele,2.0742
17,FSFT,gammaBand,Tele,0.0031654
18,FSFT,deltaBand,Tele,1373994.2453
18,FSFT,thetaBand,Tele,5076.6895
18,FSFT,alphaBand,Tele,101.3914
18,FSFT,betaBand,Tele,3.5673
18,FSFT,gammaBand,Tele,0.0021868
19,FSFT,deltaBand,Tele,2746977.3919
19,FSFT,thetaBand,Tele,2131.2745
19,FSFT,alphaBand,Tele,59.5047
19,FSFT,betaBand,Tele,3.0847
19,FSFT,gammaBand,Tele,0.0024528
20,FSFT,deltaBand,Tele,3409797.9273
20,FSFT,thetaBand,Tele,2701.7206
20,FSFT,alphaBand,Tele,37.0372
20,FSFT,betaBand,Tele,1.4992
20,FSFT,gammaBand,Tele,0.0014915
21,FSFT,deltaBand,Tele,5221174.815
21,FSFT,thetaBand,Tele,10234.9368
21,FSFT,alphaBand,Tele,215.6563
21,FSFT,betaBand,Tele,10.7351
21,FSFT,gammaBand,Tele,0.015234
17,FSFT,deltaBand,Post,1006112.3221
17,FSFT,thetaBand,Post,4206.5232
17,FSFT,alphaBand,Post,63.5482
17,FSFT,betaBand,Post,1.4497
17,FSFT,gammaBand,Post,0.0026423
18,FSFT,deltaBand,Post,985146.7483
18,FSFT,thetaBand,Post,4995.7418
18,FSFT,alphaBand,Post,87.9731
18,FSFT,betaBand,Post,2.3988
18,FSFT,gammaBand,Post,0.0015329
19,FSFT,deltaBand,Post,3569681.5513
19,FSFT,thetaBand,Post,1580.281
19,FSFT,alphaBand,Post,38.6342
19,FSFT,betaBand,Post,1.9341
19,FSFT,gammaBand,Post,0.0023514
20,FSFT,deltaBand,Post,3267772.9274
20,FSFT,thetaBand,Post,2299.4765
20,FSFT,alphaBand,Post,33.5566
20,FSFT,betaBand,Post,1.272
20,FSFT,gammaBand,Post,0.0012252
21,FSFT,deltaBand,Post,5523939.435
21,FSFT,thetaBand,Post,7319.1206
21,FSFT,alphaBand,Post,294.8835
21,FSFT,betaBand,Post,17.9881
21,FSFT,gammaBand,Post,0.015188
22,NSNT,deltaBand,Pre,33603466.6611
22,NSNT,thetaBand,Pre,64134.3361
22,NSNT,alphaBand,Pre,969.1445
22,NSNT,betaBand,Pre,39.3882
22,NSNT,gammaBand,Pre,0.039951
23,NSNT,deltaBand,Pre,12449789.6878
23,NSNT,thetaBand,Pre,25783.0045
23,NSNT,alphaBand,Pre,500.8392
23,NSNT,betaBand,Pre,20.894
23,NSNT,gammaBand,Pre,0.026788
24,NSNT,deltaBand,Pre,14169249.5913
24,NSNT,thetaBand,Pre,20542.2317
24,NSNT,alphaBand,Pre,348.3775
24,NSNT,betaBand,Pre,18.8733
24,NSNT,gammaBand,Pre,0.018282
25,NSNT,deltaBand,Pre,14475021.0269
25,NSNT,thetaBand,Pre,31097.3455
25,NSNT,alphaBand,Pre,701.5308
25,NSNT,betaBand,Pre,31.7482
25,NSNT,gammaBand,Pre,0.022044
26,NSNT,deltaBand,Pre,9222807.3002
26,NSNT,thetaBand,Pre,9983.014
26,NSNT,alphaBand,Pre,212.4585
26,NSNT,betaBand,Pre,13.4767
26,NSNT,gammaBand,Pre,0.012649
27,NSNT,deltaBand,Pre,16367119.4017
27,NSNT,thetaBand,Pre,22119.663
27,NSNT,alphaBand,Pre,801.536
27,NSNT,betaBand,Pre,50.4457
27,NSNT,gammaBand,Pre,0.059095
28,NSNT,deltaBand,Pre,8827212.7624
28,NSNT,thetaBand,Pre,5783.9912
28,NSNT,alphaBand,Pre,378.3223
28,NSNT,betaBand,Pre,30.4057
28,NSNT,gammaBand,Pre,0.027836
29,NSNT,deltaBand,Pre,4599971.5437
29,NSNT,thetaBand,Pre,2816.872
29,NSNT,alphaBand,Pre,130.5592
29,NSNT,betaBand,Pre,4.9167
29,NSNT,gammaBand,Pre,0.0073182
30,NSNT,deltaBand,Pre,46315386.4647
30,NSNT,thetaBand,Pre,12873.8492
30,NSNT,alphaBand,Pre,1130.9498
30,NSNT,betaBand,Pre,143.016
30,NSNT,gammaBand,Pre,0.17811
31,NSNT,deltaBand,Pre,21245525.1011
31,NSNT,thetaBand,Pre,6292.5596
31,NSNT,alphaBand,Pre,580.7774
31,NSNT,betaBand,Pre,85.2693
31,NSNT,gammaBand,Pre,0.15024
32,NSNT,deltaBand,Pre,8622961.4912
32,NSNT,thetaBand,Pre,5612.8764
32,NSNT,alphaBand,Pre,262.6379
32,NSNT,betaBand,Pre,20.0223
32,NSNT,gammaBand,Pre,0.032572
22,NSNT,deltaBand,Tele,51950902.8557
22,NSNT,thetaBand,Tele,45533.2318
22,NSNT,alphaBand,Tele,715.6996
22,NSNT,betaBand,Tele,23.1182
22,NSNT,gammaBand,Tele,0.033855
23,NSNT,deltaBand,Tele,15202805.1087
23,NSNT,thetaBand,Tele,23061.282
23,NSNT,alphaBand,Tele,465.1816
23,NSNT,betaBand,Tele,18.2365
23,NSNT,gammaBand,Tele,0.029569
24,NSNT,deltaBand,Tele,19253293.103
24,NSNT,thetaBand,Tele,17334.1428
24,NSNT,alphaBand,Tele,505.7898
24,NSNT,betaBand,Tele,29.9273
24,NSNT,gammaBand,Tele,0.021625
25,NSNT,deltaBand,Tele,21695810.3013
25,NSNT,thetaBand,Tele,22092.2483
25,NSNT,alphaBand,Tele,773.6811
25,NSNT,betaBand,Tele,38.5757
25,NSNT,gammaBand,Tele,0.031448
26,NSNT,deltaBand,Tele,9730009.5567
26,NSNT,thetaBand,Tele,8713.4112
26,NSNT,alphaBand,Tele,304.5039
26,NSNT,betaBand,Tele,18.95
26,NSNT,gammaBand,Tele,0.012232
27,NSNT,deltaBand,Tele,21881790.7782
27,NSNT,thetaBand,Tele,12503.0693
27,NSNT,alphaBand,Tele,362.2162
27,NSNT,betaBand,Tele,26.5516
27,NSNT,gammaBand,Tele,0.027403
28,NSNT,deltaBand,Tele,8253645.2465
28,NSNT,thetaBand,Tele,4283.5837
28,NSNT,alphaBand,Tele,271.6571
28,NSNT,betaBand,Tele,25.9812
28,NSNT,gammaBand,Tele,0.023035
29,NSNT,deltaBand,Tele,4746027.4984
29,NSNT,thetaBand,Tele,2744.7039
29,NSNT,alphaBand,Tele,98.5337
29,NSNT,betaBand,Tele,6.3638
29,NSNT,gammaBand,Tele,0.0041681
30,NSNT,deltaBand,Tele,61229448.7431
30,NSNT,thetaBand,Tele,19799.2224
30,NSNT,alphaBand,Tele,1298.3669
30,NSNT,betaBand,Tele,133.3678
30,NSNT,gammaBand,Tele,0.19201
31,NSNT,deltaBand,Tele,30439694.7416
31,NSNT,thetaBand,Tele,8185.5998
31,NSNT,alphaBand,Tele,628.7284
31,NSNT,betaBand,Tele,58.5786
31,NSNT,gammaBand,Tele,0.082806
32,NSNT,deltaBand,Tele,14304251.5298
32,NSNT,thetaBand,Tele,6471.7906
32,NSNT,alphaBand,Tele,172.9968
32,NSNT,betaBand,Tele,9.5498
32,NSNT,gammaBand,Tele,0.011042
22,NSNT,deltaBand,Post,63580484.5583
22,NSNT,thetaBand,Post,36840.2207
22,NSNT,alphaBand,Post,429.6705
22,NSNT,betaBand,Post,16.1966
22,NSNT,gammaBand,Post,0.017999
23,NSNT,deltaBand,Post,20321226.0863
23,NSNT,thetaBand,Post,18733.8211
23,NSNT,alphaBand,Post,286.6167
23,NSNT,betaBand,Post,12.7956
23,NSNT,gammaBand,Post,0.018503
24,NSNT,deltaBand,Post,17724552.0395
24,NSNT,thetaBand,Post,10359.3422
24,NSNT,alphaBand,Post,276.6246
24,NSNT,betaBand,Post,18.8954
24,NSNT,gammaBand,Post,0.01419
25,NSNT,deltaBand,Post,21566780.6003
25,NSNT,thetaBand,Post,18756.8201
25,NSNT,alphaBand,Post,356.5876
25,NSNT,betaBand,Post,14.5343
25,NSNT,gammaBand,Post,0.014578
26,NSNT,deltaBand,Post,7682709.036
26,NSNT,thetaBand,Post,5405.004
26,NSNT,alphaBand,Post,120.0762
26,NSNT,betaBand,Post,6.6504
26,NSNT,gammaBand,Post,0.0081455
27,NSNT,deltaBand,Post,28442026.6429
27,NSNT,thetaBand,Post,21103.416
27,NSNT,alphaBand,Post,1336.1435
27,NSNT,betaBand,Post,98.4599
27,NSNT,gammaBand,Post,0.13487
28,NSNT,deltaBand,Post,13897892.4852
28,NSNT,thetaBand,Post,9415.2658
28,NSNT,alphaBand,Post,614.8608
28,NSNT,betaBand,Post,52.2512
28,NSNT,gammaBand,Post,0.071249
29,NSNT,deltaBand,Post,6388282.6968
29,NSNT,thetaBand,Post,4027.3591
29,NSNT,alphaBand,Post,139.5088
29,NSNT,betaBand,Post,6.1907
29,NSNT,gammaBand,Post,0.010235
30,NSNT,deltaBand,Post,101286992.0416
30,NSNT,thetaBand,Post,25917.658
30,NSNT,alphaBand,Post,2653.4301
30,NSNT,betaBand,Post,278.0927
30,NSNT,gammaBand,Post,0.51883
31,NSNT,deltaBand,Post,48361814.718
31,NSNT,thetaBand,Post,14326.1959
31,NSNT,alphaBand,Post,1179.581
31,NSNT,betaBand,Post,158.7288
31,NSNT,gammaBand,Post,0.38815
32,NSNT,deltaBand,Post,21545137.2955
32,NSNT,thetaBand,Post,7368.6612
32,NSNT,alphaBand,Post,317.0212
32,NSNT,betaBand,Post,40.763
32,NSNT,gammaBand,Post,0.044541
22,NSFT,deltaBand,Pre,37915178.9897
22,NSFT,thetaBand,Pre,36936.8098
22,NSFT,alphaBand,Pre,694.7627
22,NSFT,betaBand,Pre,22.9689
22,NSFT,gammaBand,Pre,0.02255
23,NSFT,deltaBand,Pre,18205689.9562
23,NSFT,thetaBand,Pre,14599.071
23,NSFT,alphaBand,Pre,331.8609
23,NSFT,betaBand,Pre,14.2205
23,NSFT,gammaBand,Pre,0.019171
24,NSFT,deltaBand,Pre,17600036.9935
24,NSFT,thetaBand,Pre,10955.1557
24,NSFT,alphaBand,Pre,320.1485
24,NSFT,betaBand,Pre,13.6098
24,NSFT,gammaBand,Pre,0.011493
25,NSFT,deltaBand,Pre,25026112.3922
25,NSFT,thetaBand,Pre,15490.1712
25,NSFT,alphaBand,Pre,396.7234
25,NSFT,betaBand,Pre,17.158
25,NSFT,gammaBand,Pre,0.01729
26,NSFT,deltaBand,Pre,9417102.0303
26,NSFT,thetaBand,Pre,5050.2771
26,NSFT,alphaBand,Pre,107.032
26,NSFT,betaBand,Pre,5.4746
26,NSFT,gammaBand,Pre,0.0088848
27,NSFT,deltaBand,Pre,8483307.7954
27,NSFT,thetaBand,Pre,5708.4228
27,NSFT,alphaBand,Pre,164.5178
27,NSFT,betaBand,Pre,7.2506
27,NSFT,gammaBand,Pre,0.0078018
28,NSFT,deltaBand,Pre,4975579.3572
28,NSFT,thetaBand,Pre,2984.646
28,NSFT,alphaBand,Pre,74.8672
28,NSFT,betaBand,Pre,3.5279
28,NSFT,gammaBand,Pre,0.0058852
29,NSFT,deltaBand,Pre,2766096.1194
29,NSFT,thetaBand,Pre,2271.5448
29,NSFT,alphaBand,Pre,41.1705
29,NSFT,betaBand,Pre,1.5393
29,NSFT,gammaBand,Pre,0.001742
30,NSFT,deltaBand,Pre,4988236.627
30,NSFT,thetaBand,Pre,4679.4544
30,NSFT,alphaBand,Pre,85.3999
30,NSFT,betaBand,Pre,5.1784
30,NSFT,gammaBand,Pre,0.011515
31,NSFT,deltaBand,Pre,2693892.03
31,NSFT,thetaBand,Pre,5133.3001
31,NSFT,alphaBand,Pre,93.5578
31,NSFT,betaBand,Pre,4.5431
31,NSFT,gammaBand,Pre,0.012515
32,NSFT,deltaBand,Pre,2737733.6795
32,NSFT,thetaBand,Pre,4052.5743
32,NSFT,alphaBand,Pre,95.5547
32,NSFT,betaBand,Pre,4.9918
32,NSFT,gammaBand,Pre,0.0054861
22,NSFT,deltaBand,Tele,29578608.0735
22,NSFT,thetaBand,Tele,22205.9182
22,NSFT,alphaBand,Tele,596.2958
22,NSFT,betaBand,Tele,21.4942
22,NSFT,gammaBand,Tele,0.021705
23,NSFT,deltaBand,Tele,17740143.9337
23,NSFT,thetaBand,Tele,11599.0473
23,NSFT,alphaBand,Tele,344.9592
23,NSFT,betaBand,Tele,13.0871
23,NSFT,gammaBand,Tele,0.017673
24,NSFT,deltaBand,Tele,20113427.3867
24,NSFT,thetaBand,Tele,9010.6388
24,NSFT,alphaBand,Tele,283.3188
24,NSFT,betaBand,Tele,13.3463
24,NSFT,gammaBand,Tele,0.013651
25,NSFT,deltaBand,Tele,24306699.9969
25,NSFT,thetaBand,Tele,14559.294
25,NSFT,alphaBand,Tele,350.7305
25,NSFT,betaBand,Tele,16.1146
25,NSFT,gammaBand,Tele,0.017375
26,NSFT,deltaBand,Tele,8277888.0976
26,NSFT,thetaBand,Tele,4944.7376
26,NSFT,alphaBand,Tele,110.6974
26,NSFT,betaBand,Tele,7.1284
26,NSFT,gammaBand,Tele,0.0096019
27,NSFT,deltaBand,Tele,10255376.4975
27,NSFT,thetaBand,Tele,6650.0332
27,NSFT,alphaBand,Tele,206.5211
27,NSFT,betaBand,Tele,13.0563
27,NSFT,gammaBand,Tele,0.013268
28,NSFT,deltaBand,Tele,4848178.9684
28,NSFT,thetaBand,Tele,3374.8783
28,NSFT,alphaBand,Tele,92.7044
28,NSFT,betaBand,Tele,6.1979
28,NSFT,gammaBand,Tele,0.011363
29,NSFT,deltaBand,Tele,2289443.9003
29,NSFT,thetaBand,Tele,2286.429
29,NSFT,alphaBand,Tele,42.8122
29,NSFT,betaBand,Tele,2.1759
29,NSFT,gammaBand,Tele,0.0026715
30,NSFT,deltaBand,Tele,6575115.3849
30,NSFT,thetaBand,Tele,5118.6177
30,NSFT,alphaBand,Tele,85.4217
30,NSFT,betaBand,Tele,5.08
30,NSFT,gammaBand,Tele,0.017727
31,NSFT,deltaBand,Tele,4897249.7336
31,NSFT,thetaBand,Tele,4592.8425
31,NSFT,alphaBand,Tele,91.685
31,NSFT,betaBand,Tele,5.3022
31,NSFT,gammaBand,Tele,0.013696
32,NSFT,deltaBand,Tele,2934658.0174
32,NSFT,thetaBand,Tele,3536.126
32,NSFT,alphaBand,Tele,86.9937
32,NSFT,betaBand,Tele,4.3878
32,NSFT,gammaBand,Tele,0.0054239
22,NSFT,deltaBand,Post,10568606.9803
22,NSFT,thetaBand,Post,19132.8812
22,NSFT,alphaBand,Post,342.4072
22,NSFT,betaBand,Post,9.8164
22,NSFT,gammaBand,Post,0.018577
23,NSFT,deltaBand,Post,5553843.5985
23,NSFT,thetaBand,Post,10485.6353
23,NSFT,alphaBand,Post,202.4882
23,NSFT,betaBand,Post,5.9164
23,NSFT,gammaBand,Post,0.016989
24,NSFT,deltaBand,Post,10141176.115
24,NSFT,thetaBand,Post,4428.5168
24,NSFT,alphaBand,Post,128.3644
24,NSFT,betaBand,Post,5.7005
24,NSFT,gammaBand,Post,0.0090985
25,NSFT,deltaBand,Post,10654654.6306
25,NSFT,thetaBand,Post,10472.798
25,NSFT,alphaBand,Post,204.5803
25,NSFT,betaBand,Post,7.0037
25,NSFT,gammaBand,Post,0.01367
26,NSFT,deltaBand,Post,4623655.942
26,NSFT,thetaBand,Post,3125.9417
26,NSFT,alphaBand,Post,51.1755
26,NSFT,betaBand,Post,2.8043
26,NSFT,gammaBand,Post,0.0068307
27,NSFT,deltaBand,Post,6077305.6787
27,NSFT,thetaBand,Post,6072.9197
27,NSFT,alphaBand,Post,151.5722
27,NSFT,betaBand,Post,10.6793
27,NSFT,gammaBand,Post,0.0093204
28,NSFT,deltaBand,Post,3392604.132
28,NSFT,thetaBand,Post,2662.2618
28,NSFT,alphaBand,Post,76.1363
28,NSFT,betaBand,Post,6.4283
28,NSFT,gammaBand,Post,0.0065174
29,NSFT,deltaBand,Post,2219431.7541
29,NSFT,thetaBand,Post,2136.2424
29,NSFT,alphaBand,Post,36.4713
29,NSFT,betaBand,Post,2.0846
29,NSFT,gammaBand,Post,0.001926
30,NSFT,deltaBand,Post,15948210.5688
30,NSFT,thetaBand,Post,8337.0007
30,NSFT,alphaBand,Post,187.9646
30,NSFT,betaBand,Post,12.623
30,NSFT,gammaBand,Post,0.01589
31,NSFT,deltaBand,Post,9872585.6119
31,NSFT,thetaBand,Post,3847.245
31,NSFT,alphaBand,Post,168.3892
31,NSFT,betaBand,Post,9.2956
31,NSFT,gammaBand,Post,0.013242
32,NSFT,deltaBand,Post,5983618.6286
32,NSFT,thetaBand,Post,3718.2673
32,NSFT,alphaBand,Post,112.13
32,NSFT,betaBand,Post,4.8167
32,NSFT,gammaBand,Post,0.0055478
22,FSNT,deltaBand,Pre,22088248.6406
22,FSNT,thetaBand,Pre,31605.8559
22,FSNT,alphaBand,Pre,483.5559
22,FSNT,betaBand,Pre,25.9723
22,FSNT,gammaBand,Pre,0.026187
23,FSNT,deltaBand,Pre,13161695.0007
23,FSNT,thetaBand,Pre,21763.7193
23,FSNT,alphaBand,Pre,293.7387
23,FSNT,betaBand,Pre,14.3776
23,FSNT,gammaBand,Pre,0.019373
24,FSNT,deltaBand,Pre,21959383.8985
24,FSNT,thetaBand,Pre,18300.6109
24,FSNT,alphaBand,Pre,452.6623
24,FSNT,betaBand,Pre,26.2014
24,FSNT,gammaBand,Pre,0.012237
25,FSNT,deltaBand,Pre,21135581.1534
25,FSNT,thetaBand,Pre,25961.8411
25,FSNT,alphaBand,Pre,419.4956
25,FSNT,betaBand,Pre,17.3947
25,FSNT,gammaBand,Pre,0.018859
26,FSNT,deltaBand,Pre,7022877.5454
26,FSNT,thetaBand,Pre,8233.9028
26,FSNT,alphaBand,Pre,152.7342
26,FSNT,betaBand,Pre,5.8351
26,FSNT,gammaBand,Pre,0.0096789
27,FSNT,deltaBand,Pre,6020843.4212
27,FSNT,thetaBand,Pre,4686.9729
27,FSNT,alphaBand,Pre,96.0495
27,FSNT,betaBand,Pre,4.7479
27,FSNT,gammaBand,Pre,0.0082854
28,FSNT,deltaBand,Pre,3090103.411
28,FSNT,thetaBand,Pre,2470.5046
28,FSNT,alphaBand,Pre,52.4275
28,FSNT,betaBand,Pre,2.7192
28,FSNT,gammaBand,Pre,0.0063424
29,FSNT,deltaBand,Pre,1293154.7583
29,FSNT,thetaBand,Pre,1695.0809
29,FSNT,alphaBand,Pre,36.5355
29,FSNT,betaBand,Pre,1.4788
29,FSNT,gammaBand,Pre,0.0016597
30,FSNT,deltaBand,Pre,5443583.2015
30,FSNT,thetaBand,Pre,6429.8456
30,FSNT,alphaBand,Pre,79.8476
30,FSNT,betaBand,Pre,4.5416
30,FSNT,gammaBand,Pre,0.012251
31,FSNT,deltaBand,Pre,2766156.3499
31,FSNT,thetaBand,Pre,4036.6644
31,FSNT,alphaBand,Pre,82.4211
31,FSNT,betaBand,Pre,4.1901
31,FSNT,gammaBand,Pre,0.011561
32,FSNT,deltaBand,Pre,1404166.39
32,FSNT,thetaBand,Pre,2908.5457
32,FSNT,alphaBand,Pre,104.6888
32,FSNT,betaBand,Pre,4.6366
32,FSNT,gammaBand,Pre,0.0042603
22,FSNT,deltaBand,Tele,27383123.9582
22,FSNT,thetaBand,Tele,26380.0304
22,FSNT,alphaBand,Tele,691.3707
22,FSNT,betaBand,Tele,28.4529
22,FSNT,gammaBand,Tele,0.020016
23,FSNT,deltaBand,Tele,18913558.0862
23,FSNT,thetaBand,Tele,13875.2571
23,FSNT,alphaBand,Tele,321.8237
23,FSNT,betaBand,Tele,17.7084
23,FSNT,gammaBand,Tele,0.019781
24,FSNT,deltaBand,Tele,15454198.6418
24,FSNT,thetaBand,Tele,9751.0484
24,FSNT,alphaBand,Tele,313.787
24,FSNT,betaBand,Tele,20.2461
24,FSNT,gammaBand,Tele,0.013292
25,FSNT,deltaBand,Tele,13775496.6779
25,FSNT,thetaBand,Tele,11594.2052
25,FSNT,alphaBand,Tele,401.7142
25,FSNT,betaBand,Tele,24.4934
25,FSNT,gammaBand,Tele,0.016382
26,FSNT,deltaBand,Tele,5126013.1502
26,FSNT,thetaBand,Tele,4046.6512
26,FSNT,alphaBand,Tele,133.8398
26,FSNT,betaBand,Tele,8.0942
26,FSNT,gammaBand,Tele,0.0078003
27,FSNT,deltaBand,Tele,10499796.3687
27,FSNT,thetaBand,Tele,6385.7439
27,FSNT,alphaBand,Tele,488.5099
27,FSNT,betaBand,Tele,33.028
27,FSNT,gammaBand,Tele,0.028088
28,FSNT,deltaBand,Tele,4668306.1098
28,FSNT,thetaBand,Tele,3130.4372
28,FSNT,alphaBand,Tele,194.5765
28,FSNT,betaBand,Tele,11.5238
28,FSNT,gammaBand,Tele,0.01275
29,FSNT,deltaBand,Tele,2401061.26
29,FSNT,thetaBand,Tele,2706.0868
29,FSNT,alphaBand,Tele,60.4526
29,FSNT,betaBand,Tele,3.1063
29,FSNT,gammaBand,Tele,0.0029536
30,FSNT,deltaBand,Tele,10563227.9814
30,FSNT,thetaBand,Tele,6058.3651
30,FSNT,alphaBand,Tele,161.4993
30,FSNT,betaBand,Tele,7.3657
30,FSNT,gammaBand,Tele,0.01519
31,FSNT,deltaBand,Tele,6034242.3583
31,FSNT,thetaBand,Tele,4329.318
31,FSNT,alphaBand,Tele,184.7352
31,FSNT,betaBand,Tele,16.7213
31,FSNT,gammaBand,Tele,0.016418
32,FSNT,deltaBand,Tele,2498067.1791
32,FSNT,thetaBand,Tele,3772.4888
32,FSNT,alphaBand,Tele,137.6526
32,FSNT,betaBand,Tele,12.7335
32,FSNT,gammaBand,Tele,0.0074213
22,FSNT,deltaBand,Post,33136725.8758
22,FSNT,thetaBand,Post,32173.7002
22,FSNT,alphaBand,Post,479.9838
22,FSNT,betaBand,Post,27.7045
22,FSNT,gammaBand,Post,0.02236
23,FSNT,deltaBand,Post,15138877.1492
23,FSNT,thetaBand,Post,16416.0316
23,FSNT,alphaBand,Post,226.4338
23,FSNT,betaBand,Post,15.5116
23,FSNT,gammaBand,Post,0.020686
24,FSNT,deltaBand,Post,17727205.2776
24,FSNT,thetaBand,Post,10024.1847
24,FSNT,alphaBand,Post,332.6671
24,FSNT,betaBand,Post,18.2871
24,FSNT,gammaBand,Post,0.014081
25,FSNT,deltaBand,Post,25232016.4216
25,FSNT,thetaBand,Post,15882.0138
25,FSNT,alphaBand,Post,490.2477
25,FSNT,betaBand,Post,22.7128
25,FSNT,gammaBand,Post,0.017078
26,FSNT,deltaBand,Post,11470127.0562
26,FSNT,thetaBand,Post,5746.4609
26,FSNT,alphaBand,Post,186.2253
26,FSNT,betaBand,Post,9.304
26,FSNT,gammaBand,Post,0.0099534
27,FSNT,deltaBand,Post,13553251.3684
27,FSNT,thetaBand,Post,7077.5275
27,FSNT,alphaBand,Post,205.5182
27,FSNT,betaBand,Post,7.5012
27,FSNT,gammaBand,Post,0.0090617
28,FSNT,deltaBand,Post,8020086.1656
28,FSNT,thetaBand,Post,4165.8938
28,FSNT,alphaBand,Post,116.2764
28,FSNT,betaBand,Post,5.4146
28,FSNT,gammaBand,Post,0.0066328
29,FSNT,deltaBand,Post,3842753.4665
29,FSNT,thetaBand,Post,3785.6634
29,FSNT,alphaBand,Post,65.542
29,FSNT,betaBand,Post,2.8004
29,FSNT,gammaBand,Post,0.0032048
30,FSNT,deltaBand,Post,15967223.1424
30,FSNT,thetaBand,Post,10586.9934
30,FSNT,alphaBand,Post,248.2214
30,FSNT,betaBand,Post,17.8017
30,FSNT,gammaBand,Post,0.023478
31,FSNT,deltaBand,Post,9274275.3191
31,FSNT,thetaBand,Post,5553.6904
31,FSNT,alphaBand,Post,151.9499
31,FSNT,betaBand,Post,18.1479
31,FSNT,gammaBand,Post,0.022802
32,FSNT,deltaBand,Post,4997156.9561
32,FSNT,thetaBand,Post,6335.0621
32,FSNT,alphaBand,Post,119.2132
32,FSNT,betaBand,Post,6.1441
32,FSNT,gammaBand,Post,0.0068272
22,FSFT,deltaBand,Pre,14910605.4901
22,FSFT,thetaBand,Pre,19912.2581
22,FSFT,alphaBand,Pre,489.2742
22,FSFT,betaBand,Pre,13.0288
22,FSFT,gammaBand,Pre,0.017065
23,FSFT,deltaBand,Pre,6880904.6933
23,FSFT,thetaBand,Pre,9212.4018
23,FSFT,alphaBand,Pre,228.9575
23,FSFT,betaBand,Pre,7.2505
23,FSFT,gammaBand,Pre,0.016076
24,FSFT,deltaBand,Pre,21556787.5318
24,FSFT,thetaBand,Pre,8861.7773
24,FSFT,alphaBand,Pre,228.9176
24,FSFT,betaBand,Pre,7.4696
24,FSFT,gammaBand,Pre,0.0094687
25,FSFT,deltaBand,Pre,21624619.949
25,FSFT,thetaBand,Pre,16109.9157
25,FSFT,alphaBand,Pre,276.8936
25,FSFT,betaBand,Pre,8.4473
25,FSFT,gammaBand,Pre,0.013187
26,FSFT,deltaBand,Pre,7920284.2249
26,FSFT,thetaBand,Pre,5472.9975
26,FSFT,alphaBand,Pre,99.385
26,FSFT,betaBand,Pre,3.6274
26,FSFT,gammaBand,Pre,0.0086383
27,FSFT,deltaBand,Pre,3453806.163
27,FSFT,thetaBand,Pre,5231.7252
27,FSFT,alphaBand,Pre,118.3474
27,FSFT,betaBand,Pre,5.6079
27,FSFT,gammaBand,Pre,0.0080399
28,FSFT,deltaBand,Pre,1797789.9198
28,FSFT,thetaBand,Pre,3079.9117
28,FSFT,alphaBand,Pre,64.4427
28,FSFT,betaBand,Pre,3.584
28,FSFT,gammaBand,Pre,0.0062654
29,FSFT,deltaBand,Pre,1319157.5771
29,FSFT,thetaBand,Pre,2608.1654
29,FSFT,alphaBand,Pre,42.932
29,FSFT,betaBand,Pre,1.7813
29,FSFT,gammaBand,Pre,0.0019687
30,FSFT,deltaBand,Pre,4269206.5802
30,FSFT,thetaBand,Pre,6096.8148
30,FSFT,alphaBand,Pre,84.3644
30,FSFT,betaBand,Pre,4.7078
30,FSFT,gammaBand,Pre,0.013203
31,FSFT,deltaBand,Pre,2745656.5214
31,FSFT,thetaBand,Pre,5119.7894
31,FSFT,alphaBand,Pre,73.7396
31,FSFT,betaBand,Pre,4.7151
31,FSFT,gammaBand,Pre,0.013927
32,FSFT,deltaBand,Pre,2864805.4512
32,FSFT,thetaBand,Pre,3865.8963
32,FSFT,alphaBand,Pre,99.9724
32,FSFT,betaBand,Pre,4.6404
32,FSFT,gammaBand,Pre,0.0055869
22,FSFT,deltaBand,Tele,12025522.2786
22,FSFT,thetaBand,Tele,19392.1044
22,FSFT,alphaBand,Tele,412.0095
22,FSFT,betaBand,Tele,13.2026
22,FSFT,gammaBand,Tele,0.019497
23,FSFT,deltaBand,Tele,7093400.0185
23,FSFT,thetaBand,Tele,10329.6547
23,FSFT,alphaBand,Tele,263.8544
23,FSFT,betaBand,Tele,8.3218
23,FSFT,gammaBand,Tele,0.017838
24,FSFT,deltaBand,Tele,16204494.1888
24,FSFT,thetaBand,Tele,8847.9295
24,FSFT,alphaBand,Tele,194.2727
24,FSFT,betaBand,Tele,8.3515
24,FSFT,gammaBand,Tele,0.010564
25,FSFT,deltaBand,Tele,21964878.9308
25,FSFT,thetaBand,Tele,13214.2625
25,FSFT,alphaBand,Tele,316.9133
25,FSFT,betaBand,Tele,10.1496
25,FSFT,gammaBand,Tele,0.014907
26,FSFT,deltaBand,Tele,9158704.9553
26,FSFT,thetaBand,Tele,4863.2908
26,FSFT,alphaBand,Tele,90.2421
26,FSFT,betaBand,Tele,4.5207
26,FSFT,gammaBand,Tele,0.008253
27,FSFT,deltaBand,Tele,6682136.679
27,FSFT,thetaBand,Tele,7980.7601
27,FSFT,alphaBand,Tele,232.651
27,FSFT,betaBand,Tele,16.286
27,FSFT,gammaBand,Tele,0.011828
28,FSFT,deltaBand,Tele,2401156.2384
28,FSFT,thetaBand,Tele,4076.3328
28,FSFT,alphaBand,Tele,126.5706
28,FSFT,betaBand,Tele,8.1173
28,FSFT,gammaBand,Tele,0.0083465
29,FSFT,deltaBand,Tele,1775804.871
29,FSFT,thetaBand,Tele,2942.9989
29,FSFT,alphaBand,Tele,53.6198
29,FSFT,betaBand,Tele,2.6511
29,FSFT,gammaBand,Tele,0.002303
30,FSFT,deltaBand,Tele,17536832.196
30,FSFT,thetaBand,Tele,7553.965
30,FSFT,alphaBand,Tele,154.4244
30,FSFT,betaBand,Tele,10.069
30,FSFT,gammaBand,Tele,0.016928
31,FSFT,deltaBand,Tele,7995977.0904
31,FSFT,thetaBand,Tele,6342.4147
31,FSFT,alphaBand,Tele,119.5441
31,FSFT,betaBand,Tele,9.0481
31,FSFT,gammaBand,Tele,0.014797
32,FSFT,deltaBand,Tele,4450987.0664
32,FSFT,thetaBand,Tele,5132.8578
32,FSFT,alphaBand,Tele,122.8131
32,FSFT,betaBand,Tele,6.989
32,FSFT,gammaBand,Tele,0.0070276
22,FSFT,deltaBand,Post,11221195.3276
22,FSFT,thetaBand,Post,26209.0503
22,FSFT,alphaBand,Post,671.4252
22,FSFT,betaBand,Post,20.8308
22,FSFT,gammaBand,Post,0.033815
23,FSFT,deltaBand,Post,7734699.7455
23,FSFT,thetaBand,Post,10611.5062
23,FSFT,alphaBand,Post,271.5119
23,FSFT,betaBand,Post,11.2475
23,FSFT,gammaBand,Post,0.019231
24,FSFT,deltaBand,Post,12843234.5139
24,FSFT,thetaBand,Post,10263.2591
24,FSFT,alphaBand,Post,214.375
24,FSFT,betaBand,Post,12.6057
24,FSFT,gammaBand,Post,0.021369
25,FSFT,deltaBand,Post,14858071.6615
25,FSFT,thetaBand,Post,13376.2875
25,FSFT,alphaBand,Post,233.6742
25,FSFT,betaBand,Post,13.8033
25,FSFT,gammaBand,Post,0.027414
26,FSFT,deltaBand,Post,6707507.4118
26,FSFT,thetaBand,Post,4377.1982
26,FSFT,alphaBand,Post,80.6153
26,FSFT,betaBand,Post,6.5604
26,FSFT,gammaBand,Post,0.012536
27,FSFT,deltaBand,Post,9619547.2669
27,FSFT,thetaBand,Post,4936.9733
27,FSFT,alphaBand,Post,132.4128
27,FSFT,betaBand,Post,8.2159
27,FSFT,gammaBand,Post,0.010853
28,FSFT,deltaBand,Post,2514975.1515
28,FSFT,thetaBand,Post,3029.9978
28,FSFT,alphaBand,Post,56.2226
28,FSFT,betaBand,Post,3.4097
28,FSFT,gammaBand,Post,0.0063691
29,FSFT,deltaBand,Post,1785178.7452
29,FSFT,thetaBand,Post,2042.0685
29,FSFT,alphaBand,Post,33.9954
29,FSFT,betaBand,Post,1.6723
29,FSFT,gammaBand,Post,0.0019129
30,FSFT,deltaBand,Post,13914273.3055
30,FSFT,thetaBand,Post,4637.8768
30,FSFT,alphaBand,Post,89.5304
30,FSFT,betaBand,Post,4.2543
30,FSFT,gammaBand,Post,0.012156
31,FSFT,deltaBand,Post,8293649.5479
31,FSFT,thetaBand,Post,3269.8933
31,FSFT,alphaBand,Post,78.9804
31,FSFT,betaBand,Post,5.0836
31,FSFT,gammaBand,Post,0.012375
32,FSFT,deltaBand,Post,6736138.9756
32,FSFT,thetaBand,Post,2362.7516
32,FSFT,alphaBand,Post,86.7629
32,FSFT,betaBand,Post,5.5231
32,FSFT,gammaBand,Post,0.0053473
